title,category,content,price,area,address,district,contact_name,phone,image_path,source_url,is_ai
Giảm tiền cho thuê văn phòng ở Toà nhà DẦU KHÍ PVFC,Văn phòng,"Cập nhật giá thuê và ưu đãi mới tại Toà nhà văn phòng 30 m2 ở DẦU KHÍ PVFC. Liên hệ ngay để tận hưởng lợi thế từ công ty dịch vụ cho thuê văn phòng số 1, nơi dành cho các doanh nghiệp vừa và nhỏ. Địa chỉ: Đ. 30/4, Hoà Cường Bắc, Hải Châu, Đà Nẵng. Liên hệ ngay 0935723727 để biết thêm thông tin chi tiết!\n\n📞 Liên hệ xem văn phòng: 0935723727 (Nguyễn Ngọc Thiên Bình)",9432000,30,"Đ. 30/4, Hoà Cường Bắc, Hải Châu, Đà Nẵng",Hải Châu,Nguyễn Ngọc Thiên Bình,0935723727,,https://officedanang.vn/property/toa-nha-dau-khi-pvfc/,True
Cho thuê văn phòng 600m2 tại tòa nhà DẦU KHÍ PVFC Đà Nẵng,Văn phòng,"📍 Địa chỉ: Đ. 30/4, Hoà Cường Bắc, Hải Châu, Đà Nẵng\n\n📐 Diện tích: 600 m2\n\n💵 Giá thuê: 172.920.000 VNĐ/tháng\n\n✨ ƯU ĐIỂM & TIỆN ÍCH NỔI BẬT:\n\n- Sàn văn phòng vuông vắn, được thiết kế trống suốt, thoáng đãng với ánh sáng tự nhiên tốt.\n\n- Tòa nhà chuyên nghiệp, thang máy tốc độ cao di chuyển nhanh chóng.\n\n- Hầm gửi xe rộng rãi thoải mái cho nhân viên và đối tác, hệ thống an ninh giám sát 24/7.\n\n- Hệ thống phòng cháy chữa cháy (PCCC) đạt tiêu chuẩn an toàn chất lượng cao.\n\n- Có chính sách hỗ trợ thời gian thi công, setup nội thất văn phòng miễn phí cho doanh nghiệp.\n\n****  Công ty bạn muốn thuê văn phòng 600m2 sẽ được tận hưởng không gian làm việc thoáng mát và hiện đại với sàn sàn văn phòng rộng rãi, ánh sáng tự nhiên充足.  Thang máy tốc độ cao cho phép bạn di chuyển nhanh chóng trong tòa nhà, tạo cảm giác tiện lợi cho mọi hoạt động. Hệ thống an ninh giám sát 24/7 mang đến sự yên tâm cho nhân viên khi làm việc. Vật liệu nội thất được trang bị hiện đại, chất lượng cao giúp tăng tính năng sinh công cho văn phòng.\n\n📞 Liên hệ xem văn phòng: 0935723727 (Nguyễn Ngọc Thiên Bình)\n\n📞 Liên hệ xem văn phòng: 0935723727 (Nguyễn Ngọc Thiên Bình)",172920000,600,"Đ. 30/4, Hoà Cường Bắc, Hải Châu, Đà Nẵng",Hải Châu,Nguyễn Ngọc Thiên Bình,0935723727,,https://officedanang.vn/property/toa-nha-dau-khi-pvfc/,False
Văn phòng làm việc 2m2 cho thuê tại MINH SƠN 1 Quận Hải Châu,Văn phòng,"🌟 CHO THUÊ VĂN PHÒNG ĐẸP TẠI TÒA NHÀ MINH SƠN 1 🌟\n\n📍 Địa chỉ: đường 2/9, Hải Châu, Đà Nẵng\n📐 Diện tích cho thuê: 2 m2 (trống suốt, ánh sáng tự nhiên tốt)\n💵 Giá thuê ưu đãi: $ 7,0 / m2/tháng\n💼 Phù hợp cho văn phòng đại diện, quy mô doanh nghiệp vừa và nhỏ.\n\n🔹 THÔNG TIN CHI TIẾT TÒA NHÀ:\n🔹 THÔNG TIN CHI TIẾT TOÀ NHÀ MINH SƠN 1\n“Toà nhà giá rẻ khu vực đường 2/9 khu vực giao thoa Hải Châu và Cẩm Lệ”\n🔹 1. Mô tả toà nhà MINH SƠN 1\n- Toà nhà văn phòng cho thuê quận Hải Châu Đà Nẵng – Toà nhà MINH SƠN 1 nằm trên trục đường 2/9, đoạn trọng điểm giao thông vận tải của thành phố.\n- Cư dân cũng khá tập trung, có rất nhiều hàng quán cafe, quán ăn,… tuy nhiên đa số là cửa hàng nhỏ lẻ\n- Toà nhà có giá thuê khá tốt, thích hợp cho các đơn vị start-up không muốn chi phí cố định quá cao\n🔹 2. Kết cấu toà nhà MINH SƠN 1\n- Khu vực đỗ xe: Xung quanh toà nhà\n- Số thang máy: 1 thang\n🔹 3. Các chi phí khách thuê phải trả tại toà nhà Minh Sơn 1\n- Tiền thuê: Từ 7 USD /m2/tháng\n- Phí dịch vụ: Đã bao gồm trong giá thuê\n\n📞 Liên hệ xem văn phòng: 0935723727 (Nguyễn Ngọc Thiên Bình)","$ 7,0 / m2",2,"đường 2/9, Hải Châu, Đà Nẵng",Hải Châu,Nguyễn Ngọc Thiên Bình,0935723727,,https://officedanang.vn/property/toa-nha-minh-son-1/,False
Văn phòng làm việc 35m2 cho thuê tại MINH SƠN 1 Quận Hải Châu,Văn phòng,"🌟 CHO THUÊ VĂN PHÒNG ĐẸP TẠI TÒA NHÀ MINH SƠN 1 🌟\n\n📍 Địa chỉ: đường 2/9, Hải Châu, Đà Nẵng\n📐 Diện tích cho thuê: 35 m2 (trống suốt, ánh sáng tự nhiên tốt)\n💵 Giá thuê ưu đãi: $ 7,0 / m2/tháng\n💼 Phù hợp cho văn phòng đại diện, quy mô doanh nghiệp vừa và nhỏ.\n\n🔹 THÔNG TIN CHI TIẾT TÒA NHÀ:\n🔹 THÔNG TIN CHI TIẾT TOÀ NHÀ MINH SƠN 1\n“Toà nhà giá rẻ khu vực đường 2/9 khu vực giao thoa Hải Châu và Cẩm Lệ”\n🔹 1. Mô tả toà nhà MINH SƠN 1\n- Toà nhà văn phòng cho thuê quận Hải Châu Đà Nẵng – Toà nhà MINH SƠN 1 nằm trên trục đường 2/9, đoạn trọng điểm giao thông vận tải của thành phố.\n- Cư dân cũng khá tập trung, có rất nhiều hàng quán cafe, quán ăn,… tuy nhiên đa số là cửa hàng nhỏ lẻ\n- Toà nhà có giá thuê khá tốt, thích hợp cho các đơn vị start-up không muốn chi phí cố định quá cao\n🔹 2. Kết cấu toà nhà MINH SƠN 1\n- Khu vực đỗ xe: Xung quanh toà nhà\n- Số thang máy: 1 thang\n🔹 3. Các chi phí khách thuê phải trả tại toà nhà Minh Sơn 1\n- Tiền thuê: Từ 7 USD /m2/tháng\n- Phí dịch vụ: Đã bao gồm trong giá thuê\n\n📞 Liên hệ xem văn phòng: 0935723727 (Nguyễn Ngọc Thiên Bình)","$ 7,0 / m2",35,"đường 2/9, Hải Châu, Đà Nẵng",Hải Châu,Nguyễn Ngọc Thiên Bình,0935723727,,https://officedanang.vn/property/toa-nha-minh-son-1/,False
Cho thuê sàn văn phòng 46m2 ở MINH SƠN 1 - Q. Hải Châu,Văn phòng,"🌟 CHO THUÊ VĂN PHÒNG ĐẸP TẠI TÒA NHÀ MINH SƠN 1 🌟\n\n📍 Địa chỉ: đường 2/9, Hải Châu, Đà Nẵng\n📐 Diện tích cho thuê: 46 m2 (trống suốt, ánh sáng tự nhiên tốt)\n💵 Giá thuê ưu đãi: $ 7,0 / m2/tháng\n💼 Phù hợp cho văn phòng đại diện, quy mô doanh nghiệp vừa và nhỏ.\n\n🔹 THÔNG TIN CHI TIẾT TÒA NHÀ:\n🔹 THÔNG TIN CHI TIẾT TOÀ NHÀ MINH SƠN 1\n“Toà nhà giá rẻ khu vực đường 2/9 khu vực giao thoa Hải Châu và Cẩm Lệ”\n🔹 1. Mô tả toà nhà MINH SƠN 1\n- Toà nhà văn phòng cho thuê quận Hải Châu Đà Nẵng – Toà nhà MINH SƠN 1 nằm trên trục đường 2/9, đoạn trọng điểm giao thông vận tải của thành phố.\n- Cư dân cũng khá tập trung, có rất nhiều hàng quán cafe, quán ăn,… tuy nhiên đa số là cửa hàng nhỏ lẻ\n- Toà nhà có giá thuê khá tốt, thích hợp cho các đơn vị start-up không muốn chi phí cố định quá cao\n🔹 2. Kết cấu toà nhà MINH SƠN 1\n- Khu vực đỗ xe: Xung quanh toà nhà\n- Số thang máy: 1 thang\n🔹 3. Các chi phí khách thuê phải trả tại toà nhà Minh Sơn 1\n- Tiền thuê: Từ 7 USD /m2/tháng\n- Phí dịch vụ: Đã bao gồm trong giá thuê\n\n📞 Liên hệ xem văn phòng: 0935723727 (Nguyễn Ngọc Thiên Bình)","$ 7,0 / m2",46,"đường 2/9, Hải Châu, Đà Nẵng",Hải Châu,Nguyễn Ngọc Thiên Bình,0935723727,,https://officedanang.vn/property/toa-nha-minh-son-1/,False
Cho thuê diện tích văn phòng 54m2 tại MINH SƠN 1 Hải Châu,Văn phòng,"🌟 CHO THUÊ VĂN PHÒNG ĐẸP TẠI TÒA NHÀ MINH SƠN 1 🌟\n\n📍 Địa chỉ: đường 2/9, Hải Châu, Đà Nẵng\n📐 Diện tích cho thuê: 54 m2 (trống suốt, ánh sáng tự nhiên tốt)\n💵 Giá thuê ưu đãi: $ 7,0 / m2/tháng\n💼 Phù hợp cho văn phòng đại diện, quy mô doanh nghiệp vừa và nhỏ.\n\n🔹 THÔNG TIN CHI TIẾT TÒA NHÀ:\n🔹 THÔNG TIN CHI TIẾT TOÀ NHÀ MINH SƠN 1\n“Toà nhà giá rẻ khu vực đường 2/9 khu vực giao thoa Hải Châu và Cẩm Lệ”\n🔹 1. Mô tả toà nhà MINH SƠN 1\n- Toà nhà văn phòng cho thuê quận Hải Châu Đà Nẵng – Toà nhà MINH SƠN 1 nằm trên trục đường 2/9, đoạn trọng điểm giao thông vận tải của thành phố.\n- Cư dân cũng khá tập trung, có rất nhiều hàng quán cafe, quán ăn,… tuy nhiên đa số là cửa hàng nhỏ lẻ\n- Toà nhà có giá thuê khá tốt, thích hợp cho các đơn vị start-up không muốn chi phí cố định quá cao\n🔹 2. Kết cấu toà nhà MINH SƠN 1\n- Khu vực đỗ xe: Xung quanh toà nhà\n- Số thang máy: 1 thang\n🔹 3. Các chi phí khách thuê phải trả tại toà nhà Minh Sơn 1\n- Tiền thuê: Từ 7 USD /m2/tháng\n- Phí dịch vụ: Đã bao gồm trong giá thuê\n\n📞 Liên hệ xem văn phòng: 0935723727 (Nguyễn Ngọc Thiên Bình)","$ 7,0 / m2",54,"đường 2/9, Hải Châu, Đà Nẵng",Hải Châu,Nguyễn Ngọc Thiên Bình,0935723727,,https://officedanang.vn/property/toa-nha-minh-son-1/,False
"Văn phòng cho thuê 60m2 tại tòa nhà MINH SƠN 1, Hải Châu",Văn phòng,"🌟 CHO THUÊ VĂN PHÒNG ĐẸP TẠI TÒA NHÀ MINH SƠN 1 🌟\n\n📍 Địa chỉ: đường 2/9, Hải Châu, Đà Nẵng\n📐 Diện tích cho thuê: 60 m2 (trống suốt, ánh sáng tự nhiên tốt)\n💵 Giá thuê ưu đãi: $ 7,0 / m2/tháng\n💼 Phù hợp cho văn phòng đại diện, quy mô doanh nghiệp vừa và nhỏ.\n\n🔹 THÔNG TIN CHI TIẾT TÒA NHÀ:\n🔹 THÔNG TIN CHI TIẾT TOÀ NHÀ MINH SƠN 1\n“Toà nhà giá rẻ khu vực đường 2/9 khu vực giao thoa Hải Châu và Cẩm Lệ”\n🔹 1. Mô tả toà nhà MINH SƠN 1\n- Toà nhà văn phòng cho thuê quận Hải Châu Đà Nẵng – Toà nhà MINH SƠN 1 nằm trên trục đường 2/9, đoạn trọng điểm giao thông vận tải của thành phố.\n- Cư dân cũng khá tập trung, có rất nhiều hàng quán cafe, quán ăn,… tuy nhiên đa số là cửa hàng nhỏ lẻ\n- Toà nhà có giá thuê khá tốt, thích hợp cho các đơn vị start-up không muốn chi phí cố định quá cao\n🔹 2. Kết cấu toà nhà MINH SƠN 1\n- Khu vực đỗ xe: Xung quanh toà nhà\n- Số thang máy: 1 thang\n🔹 3. Các chi phí khách thuê phải trả tại toà nhà Minh Sơn 1\n- Tiền thuê: Từ 7 USD /m2/tháng\n- Phí dịch vụ: Đã bao gồm trong giá thuê\n\n📞 Liên hệ xem văn phòng: 0935723727 (Nguyễn Ngọc Thiên Bình)","$ 7,0 / m2",60,"đường 2/9, Hải Châu, Đà Nẵng",Hải Châu,Nguyễn Ngọc Thiên Bình,0935723727,,https://officedanang.vn/property/toa-nha-minh-son-1/,False
"Cho thuê văn phòng 71m2 tại MINH SƠN 1 - Quận Hải Châu, Đà Nẵng",Văn phòng,"🌟 CHO THUÊ VĂN PHÒNG ĐẸP TẠI TÒA NHÀ MINH SƠN 1 🌟\n\n📍 Địa chỉ: đường 2/9, Hải Châu, Đà Nẵng\n📐 Diện tích cho thuê: 71 m2 (trống suốt, ánh sáng tự nhiên tốt)\n💵 Giá thuê ưu đãi: $ 7,0 / m2/tháng\n💼 Phù hợp cho văn phòng đại diện, quy mô doanh nghiệp vừa và nhỏ.\n\n🔹 THÔNG TIN CHI TIẾT TÒA NHÀ:\n🔹 THÔNG TIN CHI TIẾT TOÀ NHÀ MINH SƠN 1\n“Toà nhà giá rẻ khu vực đường 2/9 khu vực giao thoa Hải Châu và Cẩm Lệ”\n🔹 1. Mô tả toà nhà MINH SƠN 1\n- Toà nhà văn phòng cho thuê quận Hải Châu Đà Nẵng – Toà nhà MINH SƠN 1 nằm trên trục đường 2/9, đoạn trọng điểm giao thông vận tải của thành phố.\n- Cư dân cũng khá tập trung, có rất nhiều hàng quán cafe, quán ăn,… tuy nhiên đa số là cửa hàng nhỏ lẻ\n- Toà nhà có giá thuê khá tốt, thích hợp cho các đơn vị start-up không muốn chi phí cố định quá cao\n🔹 2. Kết cấu toà nhà MINH SƠN 1\n- Khu vực đỗ xe: Xung quanh toà nhà\n- Số thang máy: 1 thang\n🔹 3. Các chi phí khách thuê phải trả tại toà nhà Minh Sơn 1\n- Tiền thuê: Từ 7 USD /m2/tháng\n- Phí dịch vụ: Đã bao gồm trong giá thuê\n\n📞 Liên hệ xem văn phòng: 0935723727 (Nguyễn Ngọc Thiên Bình)","$ 7,0 / m2",71,"đường 2/9, Hải Châu, Đà Nẵng",Hải Châu,Nguyễn Ngọc Thiên Bình,0935723727,,https://officedanang.vn/property/toa-nha-minh-son-1/,False
Cho thuê sàn văn phòng 135m2 ở MINH SƠN 1 - Q. Hải Châu,Văn phòng,"🌟 CHO THUÊ VĂN PHÒNG ĐẸP TẠI TÒA NHÀ MINH SƠN 1 🌟\n\n📍 Địa chỉ: đường 2/9, Hải Châu, Đà Nẵng\n📐 Diện tích cho thuê: 135 m2 (trống suốt, ánh sáng tự nhiên tốt)\n💵 Giá thuê ưu đãi: $ 7,0 / m2/tháng\n💼 Phù hợp cho văn phòng đại diện, quy mô doanh nghiệp vừa và nhỏ.\n\n🔹 THÔNG TIN CHI TIẾT TÒA NHÀ:\n🔹 THÔNG TIN CHI TIẾT TOÀ NHÀ MINH SƠN 1\n“Toà nhà giá rẻ khu vực đường 2/9 khu vực giao thoa Hải Châu và Cẩm Lệ”\n🔹 1. Mô tả toà nhà MINH SƠN 1\n- Toà nhà văn phòng cho thuê quận Hải Châu Đà Nẵng – Toà nhà MINH SƠN 1 nằm trên trục đường 2/9, đoạn trọng điểm giao thông vận tải của thành phố.\n- Cư dân cũng khá tập trung, có rất nhiều hàng quán cafe, quán ăn,… tuy nhiên đa số là cửa hàng nhỏ lẻ\n- Toà nhà có giá thuê khá tốt, thích hợp cho các đơn vị start-up không muốn chi phí cố định quá cao\n🔹 2. Kết cấu toà nhà MINH SƠN 1\n- Khu vực đỗ xe: Xung quanh toà nhà\n- Số thang máy: 1 thang\n🔹 3. Các chi phí khách thuê phải trả tại toà nhà Minh Sơn 1\n- Tiền thuê: Từ 7 USD /m2/tháng\n- Phí dịch vụ: Đã bao gồm trong giá thuê\n\n📞 Liên hệ xem văn phòng: 0935723727 (Nguyễn Ngọc Thiên Bình)","$ 7,0 / m2",135,"đường 2/9, Hải Châu, Đà Nẵng",Hải Châu,Nguyễn Ngọc Thiên Bình,0935723727,,https://officedanang.vn/property/toa-nha-minh-son-1/,False
Văn phòng làm việc 200m2 cho thuê tại MINH SƠN 1 Quận Hải Châu,Văn phòng,"🌟 CHO THUÊ VĂN PHÒNG ĐẸP TẠI TÒA NHÀ MINH SƠN 1 🌟\n\n📍 Địa chỉ: đường 2/9, Hải Châu, Đà Nẵng\n📐 Diện tích cho thuê: 200 m2 (trống suốt, ánh sáng tự nhiên tốt)\n💵 Giá thuê ưu đãi: $ 7,0 / m2/tháng\n💼 Phù hợp cho văn phòng đại diện, quy mô doanh nghiệp vừa và nhỏ.\n\n🔹 THÔNG TIN CHI TIẾT TÒA NHÀ:\n🔹 THÔNG TIN CHI TIẾT TOÀ NHÀ MINH SƠN 1\n“Toà nhà giá rẻ khu vực đường 2/9 khu vực giao thoa Hải Châu và Cẩm Lệ”\n🔹 1. Mô tả toà nhà MINH SƠN 1\n- Toà nhà văn phòng cho thuê quận Hải Châu Đà Nẵng – Toà nhà MINH SƠN 1 nằm trên trục đường 2/9, đoạn trọng điểm giao thông vận tải của thành phố.\n- Cư dân cũng khá tập trung, có rất nhiều hàng quán cafe, quán ăn,… tuy nhiên đa số là cửa hàng nhỏ lẻ\n- Toà nhà có giá thuê khá tốt, thích hợp cho các đơn vị start-up không muốn chi phí cố định quá cao\n🔹 2. Kết cấu toà nhà MINH SƠN 1\n- Khu vực đỗ xe: Xung quanh toà nhà\n- Số thang máy: 1 thang\n🔹 3. Các chi phí khách thuê phải trả tại toà nhà Minh Sơn 1\n- Tiền thuê: Từ 7 USD /m2/tháng\n- Phí dịch vụ: Đã bao gồm trong giá thuê\n\n📞 Liên hệ xem văn phòng: 0935723727 (Nguyễn Ngọc Thiên Bình)","$ 7,0 / m2",200,"đường 2/9, Hải Châu, Đà Nẵng",Hải Châu,Nguyễn Ngọc Thiên Bình,0935723727,,https://officedanang.vn/property/toa-nha-minh-son-1/,False
Văn phòng làm việc 250m2 cho thuê tại Luxury Building Trần Phú Quận Hải Châu,Văn phòng,"🌟 CHO THUÊ VĂN PHÒNG ĐẸP TẠI TÒA NHÀ LUXURY BUILDING TRẦN PHÚ 🌟\n\n📍 Địa chỉ: Trần Phú, P. Phước Ninh, Q. Hải Châu, Đà Nẵng\n📐 Diện tích cho thuê: 250 m2 (trống suốt, ánh sáng tự nhiên tốt)\n💵 Giá thuê ưu đãi: $ 30,0 / m2/tháng\n💼 Phù hợp cho văn phòng đại diện, quy mô doanh nghiệp vừa và nhỏ.\n\n🔹 THÔNG TIN CHI TIẾT TÒA NHÀ:\n🔹 THÔNG TIN CHI TIẾT TOÀ NHÀ LUXURY BUILDING TRẦN PHÚ\n“Là một trong chuỗi toà nhà Luxury Building hạng sang đẳng cấp bậc nhất Đà Nẵng”\n🔹 1. Mô tả văn phòng cho thuê quận Hải Châu toà nhà Luxury Building Trần Phú\n- Toà nhà văn phòng cho thuê quận Hải Châu – Toà nhà Luxury Building Trần Phú nằm trên trục đường Trần Phú, tuy là đường 1 chiều nhưng đây là con đường nằm trong top đắc địa của Thành Phố Đà Nẵng khu vực trung tâm thương mại, du lịch, … cực đẹp của Đà Nẵng.\n- Toà nhà nằm chung với dãy các nhà hàng, toà nhà công ty lớn, tập trung các nhãn hiệu F&B nổi tiếng,… với sinh khí nhộn nhịp và thịnh vượng.\n- Chủ toà nhà là một nhà đầu tư chuyên tâm cho việc phát triển chuỗi Toà nhà văn phòng chuyên nghiệp và đẳng cấp tại Đà Nẵng.\n- Với kết cấu toà nhà vững chãi, chất lượng nội thất cao cấp, cùng với sự đầu tư tỉ mỉ cho dịch vụ như khu vực lễ tân và tiếp đón khách hàng, khu vực nhà vệ sinh… Đây là một toà nhà văn phòng rất đáng thuê đối với các Công ty đang muốn xây dựng hình ảnh đẳng cấp và sang trọng.\n- Toà nhà Luxury Building Trần Phú là toà nhà thứ đầu tiên và là toà nhà xứng tầm tương đương hạng A trong những toà nhà thuộc chuỗi Toà nhà Luxury Building cao cấp.\n🔹 2. Kết cấu văn phòng cho thuê quận Hải Châu toà nhà Luxury Building Trần Phú\n- Diện tích sàn: Khoảng 900m2\n- Diện tích sử dụng: Khoảng 780m2 mỗi tầng\n- Bãi giữ xe: Tầng 1 toà nhà\n\n📞 Liên hệ xem văn phòng: 0935723727 (Nguyễn Ngọc Thiên Bình)","$ 30,0 / m2",250,"Trần Phú, P. Phước Ninh, Q. Hải Châu, Đà Nẵng",Hải Châu,Nguyễn Ngọc Thiên Bình,0935723727,,https://officedanang.vn/property/toa-nha-luxury-building-tran-phu/,False
Văn phòng làm việc 380m2 cho thuê tại Luxury Building Trần Phú Quận Hải Châu,Văn phòng,"🌟 CHO THUÊ VĂN PHÒNG ĐẸP TẠI TÒA NHÀ LUXURY BUILDING TRẦN PHÚ 🌟\n\n📍 Địa chỉ: Trần Phú, P. Phước Ninh, Q. Hải Châu, Đà Nẵng\n📐 Diện tích cho thuê: 380 m2 (trống suốt, ánh sáng tự nhiên tốt)\n💵 Giá thuê ưu đãi: 655.000 / m2/tháng\n💼 Phù hợp cho văn phòng đại diện, quy mô doanh nghiệp vừa và nhỏ.\n\n🔹 THÔNG TIN CHI TIẾT TÒA NHÀ:\n🔹 THÔNG TIN CHI TIẾT TOÀ NHÀ LUXURY BUILDING TRẦN PHÚ\n“Là một trong chuỗi toà nhà Luxury Building hạng sang đẳng cấp bậc nhất Đà Nẵng”\n🔹 1. Mô tả văn phòng cho thuê quận Hải Châu toà nhà Luxury Building Trần Phú\n- Toà nhà văn phòng cho thuê quận Hải Châu – Toà nhà Luxury Building Trần Phú nằm trên trục đường Trần Phú, tuy là đường 1 chiều nhưng đây là con đường nằm trong top đắc địa của Thành Phố Đà Nẵng khu vực trung tâm thương mại, du lịch, … cực đẹp của Đà Nẵng.\n- Toà nhà nằm chung với dãy các nhà hàng, toà nhà công ty lớn, tập trung các nhãn hiệu F&B nổi tiếng,… với sinh khí nhộn nhịp và thịnh vượng.\n- Chủ toà nhà là một nhà đầu tư chuyên tâm cho việc phát triển chuỗi Toà nhà văn phòng chuyên nghiệp và đẳng cấp tại Đà Nẵng.\n- Với kết cấu toà nhà vững chãi, chất lượng nội thất cao cấp, cùng với sự đầu tư tỉ mỉ cho dịch vụ như khu vực lễ tân và tiếp đón khách hàng, khu vực nhà vệ sinh… Đây là một toà nhà văn phòng rất đáng thuê đối với các Công ty đang muốn xây dựng hình ảnh đẳng cấp và sang trọng.\n- Toà nhà Luxury Building Trần Phú là toà nhà thứ đầu tiên và là toà nhà xứng tầm tương đương hạng A trong những toà nhà thuộc chuỗi Toà nhà Luxury Building cao cấp.\n🔹 2. Kết cấu văn phòng cho thuê quận Hải Châu toà nhà Luxury Building Trần Phú\n- Diện tích sàn: Khoảng 900m2\n- Diện tích sử dụng: Khoảng 780m2 mỗi tầng\n- Bãi giữ xe: Tầng 1 toà nhà\n\n📞 Liên hệ xem văn phòng: 0935723727 (Nguyễn Ngọc Thiên Bình)",248900000,380,"Trần Phú, P. Phước Ninh, Q. Hải Châu, Đà Nẵng",Hải Châu,Nguyễn Ngọc Thiên Bình,0935723727,,https://officedanang.vn/property/toa-nha-luxury-building-tran-phu/,False
"Cho thuê văn phòng 400m2 tại Luxury Building Trần Phú - Quận Hải Châu, Đà Nẵng",Văn phòng,"🌟 CHO THUÊ VĂN PHÒNG ĐẸP TẠI TÒA NHÀ LUXURY BUILDING TRẦN PHÚ 🌟\n\n📍 Địa chỉ: Trần Phú, P. Phước Ninh, Q. Hải Châu, Đà Nẵng\n📐 Diện tích cho thuê: 400 m2 (trống suốt, ánh sáng tự nhiên tốt)\n💵 Giá thuê ưu đãi: $ 30,0 / m2/tháng\n💼 Phù hợp cho văn phòng đại diện, quy mô doanh nghiệp vừa và nhỏ.\n\n🔹 THÔNG TIN CHI TIẾT TÒA NHÀ:\n🔹 THÔNG TIN CHI TIẾT TOÀ NHÀ LUXURY BUILDING TRẦN PHÚ\n“Là một trong chuỗi toà nhà Luxury Building hạng sang đẳng cấp bậc nhất Đà Nẵng”\n🔹 1. Mô tả văn phòng cho thuê quận Hải Châu toà nhà Luxury Building Trần Phú\n- Toà nhà văn phòng cho thuê quận Hải Châu – Toà nhà Luxury Building Trần Phú nằm trên trục đường Trần Phú, tuy là đường 1 chiều nhưng đây là con đường nằm trong top đắc địa của Thành Phố Đà Nẵng khu vực trung tâm thương mại, du lịch, … cực đẹp của Đà Nẵng.\n- Toà nhà nằm chung với dãy các nhà hàng, toà nhà công ty lớn, tập trung các nhãn hiệu F&B nổi tiếng,… với sinh khí nhộn nhịp và thịnh vượng.\n- Chủ toà nhà là một nhà đầu tư chuyên tâm cho việc phát triển chuỗi Toà nhà văn phòng chuyên nghiệp và đẳng cấp tại Đà Nẵng.\n- Với kết cấu toà nhà vững chãi, chất lượng nội thất cao cấp, cùng với sự đầu tư tỉ mỉ cho dịch vụ như khu vực lễ tân và tiếp đón khách hàng, khu vực nhà vệ sinh… Đây là một toà nhà văn phòng rất đáng thuê đối với các Công ty đang muốn xây dựng hình ảnh đẳng cấp và sang trọng.\n- Toà nhà Luxury Building Trần Phú là toà nhà thứ đầu tiên và là toà nhà xứng tầm tương đương hạng A trong những toà nhà thuộc chuỗi Toà nhà Luxury Building cao cấp.\n🔹 2. Kết cấu văn phòng cho thuê quận Hải Châu toà nhà Luxury Building Trần Phú\n- Diện tích sàn: Khoảng 900m2\n- Diện tích sử dụng: Khoảng 780m2 mỗi tầng\n- Bãi giữ xe: Tầng 1 toà nhà\n\n📞 Liên hệ xem văn phòng: 0935723727 (Nguyễn Ngọc Thiên Bình)","$ 30,0 / m2",400,"Trần Phú, P. Phước Ninh, Q. Hải Châu, Đà Nẵng",Hải Châu,Nguyễn Ngọc Thiên Bình,0935723727,,https://officedanang.vn/property/toa-nha-luxury-building-tran-phu/,False
Cho thuê sàn văn phòng 780m2 ở Luxury Building Trần Phú - Q. Hải Châu,Văn phòng,"🌟 CHO THUÊ VĂN PHÒNG ĐẸP TẠI TÒA NHÀ LUXURY BUILDING TRẦN PHÚ 🌟\n\n📍 Địa chỉ: Trần Phú, P. Phước Ninh, Q. Hải Châu, Đà Nẵng\n📐 Diện tích cho thuê: 780 m2 (trống suốt, ánh sáng tự nhiên tốt)\n💵 Giá thuê ưu đãi: $ 30,0 / m2/tháng\n💼 Phù hợp cho văn phòng đại diện, quy mô doanh nghiệp vừa và nhỏ.\n\n🔹 THÔNG TIN CHI TIẾT TÒA NHÀ:\n🔹 THÔNG TIN CHI TIẾT TOÀ NHÀ LUXURY BUILDING TRẦN PHÚ\n“Là một trong chuỗi toà nhà Luxury Building hạng sang đẳng cấp bậc nhất Đà Nẵng”\n🔹 1. Mô tả văn phòng cho thuê quận Hải Châu toà nhà Luxury Building Trần Phú\n- Toà nhà văn phòng cho thuê quận Hải Châu – Toà nhà Luxury Building Trần Phú nằm trên trục đường Trần Phú, tuy là đường 1 chiều nhưng đây là con đường nằm trong top đắc địa của Thành Phố Đà Nẵng khu vực trung tâm thương mại, du lịch, … cực đẹp của Đà Nẵng.\n- Toà nhà nằm chung với dãy các nhà hàng, toà nhà công ty lớn, tập trung các nhãn hiệu F&B nổi tiếng,… với sinh khí nhộn nhịp và thịnh vượng.\n- Chủ toà nhà là một nhà đầu tư chuyên tâm cho việc phát triển chuỗi Toà nhà văn phòng chuyên nghiệp và đẳng cấp tại Đà Nẵng.\n- Với kết cấu toà nhà vững chãi, chất lượng nội thất cao cấp, cùng với sự đầu tư tỉ mỉ cho dịch vụ như khu vực lễ tân và tiếp đón khách hàng, khu vực nhà vệ sinh… Đây là một toà nhà văn phòng rất đáng thuê đối với các Công ty đang muốn xây dựng hình ảnh đẳng cấp và sang trọng.\n- Toà nhà Luxury Building Trần Phú là toà nhà thứ đầu tiên và là toà nhà xứng tầm tương đương hạng A trong những toà nhà thuộc chuỗi Toà nhà Luxury Building cao cấp.\n🔹 2. Kết cấu văn phòng cho thuê quận Hải Châu toà nhà Luxury Building Trần Phú\n- Diện tích sàn: Khoảng 900m2\n- Diện tích sử dụng: Khoảng 780m2 mỗi tầng\n- Bãi giữ xe: Tầng 1 toà nhà\n\n📞 Liên hệ xem văn phòng: 0935723727 (Nguyễn Ngọc Thiên Bình)","$ 30,0 / m2",780,"Trần Phú, P. Phước Ninh, Q. Hải Châu, Đà Nẵng",Hải Châu,Nguyễn Ngọc Thiên Bình,0935723727,,https://officedanang.vn/property/toa-nha-luxury-building-tran-phu/,False
Cho thuê diện tích văn phòng 10135m2 tại Luxury Building Trần Phú Hải Châu,Văn phòng,"🌟 CHO THUÊ VĂN PHÒNG ĐẸP TẠI TÒA NHÀ LUXURY BUILDING TRẦN PHÚ 🌟\n\n📍 Địa chỉ: Trần Phú, P. Phước Ninh, Q. Hải Châu, Đà Nẵng\n📐 Diện tích cho thuê: 10135 m2 (trống suốt, ánh sáng tự nhiên tốt)\n💵 Giá thuê ưu đãi: $ 30,0 / m2/tháng\n💼 Phù hợp cho văn phòng đại diện, quy mô doanh nghiệp vừa và nhỏ.\n\n🔹 THÔNG TIN CHI TIẾT TÒA NHÀ:\n🔹 THÔNG TIN CHI TIẾT TOÀ NHÀ LUXURY BUILDING TRẦN PHÚ\n“Là một trong chuỗi toà nhà Luxury Building hạng sang đẳng cấp bậc nhất Đà Nẵng”\n🔹 1. Mô tả văn phòng cho thuê quận Hải Châu toà nhà Luxury Building Trần Phú\n- Toà nhà văn phòng cho thuê quận Hải Châu – Toà nhà Luxury Building Trần Phú nằm trên trục đường Trần Phú, tuy là đường 1 chiều nhưng đây là con đường nằm trong top đắc địa của Thành Phố Đà Nẵng khu vực trung tâm thương mại, du lịch, … cực đẹp của Đà Nẵng.\n- Toà nhà nằm chung với dãy các nhà hàng, toà nhà công ty lớn, tập trung các nhãn hiệu F&B nổi tiếng,… với sinh khí nhộn nhịp và thịnh vượng.\n- Chủ toà nhà là một nhà đầu tư chuyên tâm cho việc phát triển chuỗi Toà nhà văn phòng chuyên nghiệp và đẳng cấp tại Đà Nẵng.\n- Với kết cấu toà nhà vững chãi, chất lượng nội thất cao cấp, cùng với sự đầu tư tỉ mỉ cho dịch vụ như khu vực lễ tân và tiếp đón khách hàng, khu vực nhà vệ sinh… Đây là một toà nhà văn phòng rất đáng thuê đối với các Công ty đang muốn xây dựng hình ảnh đẳng cấp và sang trọng.\n- Toà nhà Luxury Building Trần Phú là toà nhà thứ đầu tiên và là toà nhà xứng tầm tương đương hạng A trong những toà nhà thuộc chuỗi Toà nhà Luxury Building cao cấp.\n🔹 2. Kết cấu văn phòng cho thuê quận Hải Châu toà nhà Luxury Building Trần Phú\n- Diện tích sàn: Khoảng 900m2\n- Diện tích sử dụng: Khoảng 780m2 mỗi tầng\n- Bãi giữ xe: Tầng 1 toà nhà\n\n📞 Liên hệ xem văn phòng: 0935723727 (Nguyễn Ngọc Thiên Bình)","$ 30,0 / m2",10135,"Trần Phú, P. Phước Ninh, Q. Hải Châu, Đà Nẵng",Hải Châu,Nguyễn Ngọc Thiên Bình,0935723727,,https://officedanang.vn/property/toa-nha-luxury-building-tran-phu/,False
Cho thuê diện tích văn phòng 100m2 tại TRỌNG THỨC Sơn Trà,Văn phòng,"🌟 CHO THUÊ VĂN PHÒNG ĐẸP TẠI TÒA NHÀ TRỌNG THỨC 🌟\n\n📍 Địa chỉ: Ngô Quyền, an hải bắc, Đà Nẵng\n📐 Diện tích cho thuê: 100 m2 (trống suốt, ánh sáng tự nhiên tốt)\n💵 Giá thuê ưu đãi: $ 7,0 / m2/tháng\n💼 Phù hợp cho văn phòng đại diện, quy mô doanh nghiệp vừa và nhỏ.\n\n🔹 THÔNG TIN CHI TIẾT TÒA NHÀ:\n🔹 THÔNG TIN CHI TIẾT TOÀ NHÀ TRỌNG THỨC\n“Vị trí toà nhà thích hợp cho các công ty cảng biển, logistics, du lịch,…”\n🔹 1. Mô tả toà nhà TRỌNG THỨC\n- Toà nhà văn phòng cho thuê quận Sơn Trà – Toà nhà TRỌNG THỨC nằm trên trục đường Ngô Quyền, khu vực trung tâm giao thông cảng biển của Quận Sơn Trà.\n- Toà nhà nằm chung với dãy các toà nhà văn phòng, khách sạn, khu công nghiệp, khu biệt thự và nằm trong khu vực tập trung các công ty lớn về cảng biển, sản xuất đóng tàu, logistics…\n- Toà nhà cũng đã hoạt động được vài năm và luôn được các công ty thuê với tỉ lệ lấp đầy khá cao bởi lợi thế văn phòng cho thuê giá tốt.\n- Vị trí địa lý có thể không phải là khu vực trung tâm thành phố nhưng rất thích hợp với các công ty BĐS, công ty du lịch, các công ty có nghành nghề liên quan đến logistics, cảng biển,…\n🔹 2. Kết cấu toà nhà TRỌNG THỨC\n- Số tầng của toà nhà: 6 tầng\n- Diện tích sàn: Khoảng 250m2\n- Diện tích sử dụng các tầng: Khoảng 200m2\n- Số thang máy: 1 thang\n\n📞 Liên hệ xem văn phòng: 0935723727 (Nguyễn Ngọc Thiên Bình)","$ 7,0 / m2",100,"Ngô Quyền, an hải bắc, Đà Nẵng",Sơn Trà,Nguyễn Ngọc Thiên Bình,0935723727,,https://officedanang.vn/property/toa-nha-trong-thuc/,False
"Cho thuê văn phòng 967m2 tại TRỌNG THỨC - Quận Sơn Trà, Đà Nẵng",Văn phòng,"🌟 CHO THUÊ VĂN PHÒNG ĐẸP TẠI TÒA NHÀ TRỌNG THỨC 🌟\n\n📍 Địa chỉ: Ngô Quyền, an hải bắc, Đà Nẵng\n📐 Diện tích cho thuê: 967 m2 (trống suốt, ánh sáng tự nhiên tốt)\n💵 Giá thuê ưu đãi: $ 7,0 / m2/tháng\n💼 Phù hợp cho văn phòng đại diện, quy mô doanh nghiệp vừa và nhỏ.\n\n🔹 THÔNG TIN CHI TIẾT TÒA NHÀ:\n🔹 THÔNG TIN CHI TIẾT TOÀ NHÀ TRỌNG THỨC\n“Vị trí toà nhà thích hợp cho các công ty cảng biển, logistics, du lịch,…”\n🔹 1. Mô tả toà nhà TRỌNG THỨC\n- Toà nhà văn phòng cho thuê quận Sơn Trà – Toà nhà TRỌNG THỨC nằm trên trục đường Ngô Quyền, khu vực trung tâm giao thông cảng biển của Quận Sơn Trà.\n- Toà nhà nằm chung với dãy các toà nhà văn phòng, khách sạn, khu công nghiệp, khu biệt thự và nằm trong khu vực tập trung các công ty lớn về cảng biển, sản xuất đóng tàu, logistics…\n- Toà nhà cũng đã hoạt động được vài năm và luôn được các công ty thuê với tỉ lệ lấp đầy khá cao bởi lợi thế văn phòng cho thuê giá tốt.\n- Vị trí địa lý có thể không phải là khu vực trung tâm thành phố nhưng rất thích hợp với các công ty BĐS, công ty du lịch, các công ty có nghành nghề liên quan đến logistics, cảng biển,…\n🔹 2. Kết cấu toà nhà TRỌNG THỨC\n- Số tầng của toà nhà: 6 tầng\n- Diện tích sàn: Khoảng 250m2\n- Diện tích sử dụng các tầng: Khoảng 200m2\n- Số thang máy: 1 thang\n\n📞 Liên hệ xem văn phòng: 0935723727 (Nguyễn Ngọc Thiên Bình)","$ 7,0 / m2",967,"Ngô Quyền, an hải bắc, Đà Nẵng",Sơn Trà,Nguyễn Ngọc Thiên Bình,0935723727,,https://officedanang.vn/property/toa-nha-trong-thuc/,False
"Văn phòng mới tại SHB Hải Châu, chỉ 35.763.000 VNĐ/tháng!",Văn phòng,"Đến ngay với văn phòng chất lượng tối đa đến SHB Hải Châu! Từ 105 m2 diện tích đầy đủ và không gian thoáng đãng, giá thuê cực kỳ hấp dẫn chỉ 35.763.000 VNĐ/tháng. Liên hệ ngay: 0935723727 (Nguyễn Ngọc Thiên Bình) để biết thêm thông tin.\n\n📞 Liên hệ xem văn phòng: 0935723727 (Nguyễn Ngọc Thiên Bình)",35763000,105,"Nguyễn Văn Linh, Hải Châu, Đà Nẵng",Hải Châu,Nguyễn Ngọc Thiên Bình,0935723727,,https://officedanang.vn/property/toa-nha-shb/,True
"Cho thuê văn phòng trống 9371m2 cực đẹp ở tòa nhà SHB, Hải Châu",Văn phòng,"🌟 CHO THUÊ VĂN PHÒNG ĐẸP TẠI TÒA NHÀ SHB 🌟\n\n📍 Địa chỉ: Nguyễn Văn Linh, Hải Châu, Đà Nẵng\n📐 Diện tích cho thuê: 9371 m2 (trống suốt, ánh sáng tự nhiên tốt)\n💵 Giá thuê ưu đãi: $ 13,0 / m2/tháng\n💼 Phù hợp cho văn phòng đại diện, quy mô doanh nghiệp vừa và nhỏ.\n\n🔹 THÔNG TIN CHI TIẾT TÒA NHÀ:\n🔹 THÔNG TIN CHI TIẾT TOÀ NHÀ SHB\n“Toà nhà cao ốc văn phòng chuyên nghiệp mới năm 2021 tại Đà Nẵng”\n- Toà nhà văn phòng cho thuê quận Hải Châu – Toà nhà SHB nằm trên trục đường tài chính lớn nhất Thành phố Đà Nẵng là Nguyễn Văn Linh, là toà nhà mới nhất năm 2021 và theo hướng toà nhà văn phòng chuyên nghiệp.\nCách Cầu Rồng: 200m\nCách Sân bay: 2 km\nCách trung tâm hành chính: 3km\n- Cách trung tâm hành chính: 3km\n- Được đánh giá là một trong những toà nhà văn phòng lớn được chờ đợi nhất tại thành phố Đà Nẵng, được quản lý bởi chủ đầu tư là Ngân hàng SHB\n- Tòa nhà sở hữu mặt bằng trung tâm thương mại ngay tuyến đường Nguyễn Văn Linh thành phố Đà Nẵng\n🔹 2. Kết cấu toà nhà SHB\n- Kết cấu: 15 tầng nổi, 2 tầng hầm\n- Diện tích sàn: Khoảng 600m2\n- Diện tích sử dụng: Khoảng 450m2 mỗi sàn\n- Khu vực đậu xe: 2 tầng hầm\n- Số thang máy: 2 thang máy\n\n📞 Liên hệ xem văn phòng: 0935723727 (Nguyễn Ngọc Thiên Bình)","$ 13,0 / m2",9371,"Nguyễn Văn Linh, Hải Châu, Đà Nẵng",Hải Châu,Nguyễn Ngọc Thiên Bình,0935723727,,https://officedanang.vn/property/toa-nha-shb/,False
Văn phòng làm việc 2808m2 cho thuê tại MEICO Quận Cẩm Lệ,Văn phòng,"🌟 CHO THUÊ VĂN PHÒNG ĐẸP TẠI TÒA NHÀ MEICO 🌟\n\n📍 Địa chỉ: Xô Viết Nghệ Tĩnh, Khuê Trung, Cẩm Lệ, Đà Nẵn\n📐 Diện tích cho thuê: 2808 m2 (trống suốt, ánh sáng tự nhiên tốt)\n💵 Giá thuê ưu đãi: $ 12,0 / m2/tháng\n💼 Phù hợp cho văn phòng đại diện, quy mô doanh nghiệp vừa và nhỏ.\n\n🔹 THÔNG TIN CHI TIẾT TÒA NHÀ:\n🔹 THÔNG TIN CHI TIẾT TOÀ NHÀ MEICO\n🔹 1. Mô tả văn phòng cho thuê quận Cẩm Lệ toà nhà Meico\n- Toà nhà văn phòng cho thuê quận Cẩm Lệ – Toà nhà Meico nằm trên đường Xô Viết Nghệ Tĩnh, là một trong những tuyến đường tập trung nhiều tòa nhà cho thuê văn phòng nhất Đà Nẵng.\n- Tòa nhà do công ty Cổ phần Vật tư Thiết bị và Đầu tư Xây dựng MEICO làm chủ đầu tư và xây dựng. Với thiết kế 7 tầng tuy nhiên Tòa nhà chỉ có duy nhất 2 tầng để cho thuê văn phòng, phần còn lại do chính công ty sử dụng.\n🔹 2. Kết cấu văn phòng cho thuê quận Cẩm Lệ toà nhà Meico\n- Diện tích sàn: Khoảng 300m2\n- Diện tích sử dụng: 250 m2 mỗi tầng\n- Bãi giữ xe: Tầng trệt toà nhà\n- Số thang máy: 1 thang\n🔹 3. Các chi phí Khách thuê phải trả tại Toà nhà Meico\n- Tiền thuê văn phòng: USD 12/m2/tháng\n- Phí dịch vụ: Đã bao gồm trong giá thuê\n\n📞 Liên hệ xem văn phòng: 0935723727 (Nguyễn Ngọc Thiên Bình)","$ 12,0 / m2",2808,"Xô Viết Nghệ Tĩnh, Khuê Trung, Cẩm Lệ, Đà Nẵn",Cẩm Lệ,Nguyễn Ngọc Thiên Bình,0935723727,,https://officedanang.vn/property/toa-nha-meico/,False
Cho thuê diện tích văn phòng 1100m2 tại NHẬT LINH Cẩm Lệ,Văn phòng,"🌟 CHO THUÊ VĂN PHÒNG ĐẸP TẠI TÒA NHÀ NHẬT LINH 🌟\n\n📍 Địa chỉ: Trần Phước Thành, Cẩm Lệ, Đà Nẵng\n📐 Diện tích cho thuê: 1100 m2 (trống suốt, ánh sáng tự nhiên tốt)\n💵 Giá thuê ưu đãi: 262.000 / m2/tháng\n💼 Phù hợp cho văn phòng đại diện, quy mô doanh nghiệp vừa và nhỏ.\n\n🔹 THÔNG TIN CHI TIẾT TÒA NHÀ:\n🔹 THÔNG TIN CHI TIẾT TOÀ NHÀ NHẬT LINH – ATP GALAXY\n“Toà nhà mới với quy mô lớn phía Nam thành phố Đà Nẵng”\n🔹 1. Mô tả văn phòng cho thuê quận Cẩm Lệ Toà nhà NHẬT LINH – ATP GALAXY\n- Toà nhà văn phòng cho thuê quận Cẩm Lệ – Tòa nhà NHẬT LINH – ATP GALAXY nằm trên đường Trần Phước Thành, phường Khuê Trung, quận Cẩm Lệ, thành phố Đà Nẵng. Được khởi công năm 2019 và dự kiến ​​hoàn thành trong năm 2021.\n- Với quy mô 10 tầng, tổng diện tích sàn hơn 14.000m2, ATP GALAXY là tòa nhà phức hợp, đa chức năng đầu tiên của quận Cẩm Lệ.\n- Tòa nhà có 4 tầng đế dùng để khai thác Trung tâm hội nghị, văn phòng cho thuê, hoặc showroom trưng bày. 6 tầng còn lại bao gồm cả tầng thượng có khách sạn công năng, căn hộ, nhà hàng.\n- Tòa nhà được đầu tư theo phong cách kiến ​​trúc tân cổ điển, công trình sẽ đóng góp thêm diện mạo đô thị khang trang cho khu vực quận Cẩm Lệ.\n🔹 2. Kết cấu văn phòng cho thuê quận Cẩm Lệ Toà nhà NHẬT LINH – ATP GALAXY\n- Sàn diện tích: Khoảng 1400m2\n- Diện tích sử dụng: ~ 1000 m2 mỗi tầng\n- Bãi giữ xe: Tầng hầm + khuôn viên tòa nhà\n- Số thang máy:  3 thang\n\n📞 Liên hệ xem văn phòng: 0935723727 (Nguyễn Ngọc Thiên Bình)",288200000,1100,"Trần Phước Thành, Cẩm Lệ, Đà Nẵng",Cẩm Lệ,Nguyễn Ngọc Thiên Bình,0935723727,,https://officedanang.vn/property/toa-nha-nhat-linh-atp-galaxy/,False
Văn phòng làm việc 9651m2 cho thuê tại NHẬT LINH Quận Cẩm Lệ,Văn phòng,"🌟 CHO THUÊ VĂN PHÒNG ĐẸP TẠI TÒA NHÀ NHẬT LINH 🌟\n\n📍 Địa chỉ: Trần Phước Thành, Cẩm Lệ, Đà Nẵng\n📐 Diện tích cho thuê: 9651 m2 (trống suốt, ánh sáng tự nhiên tốt)\n💵 Giá thuê ưu đãi: $ 10,0 / m2/tháng\n💼 Phù hợp cho văn phòng đại diện, quy mô doanh nghiệp vừa và nhỏ.\n\n🔹 THÔNG TIN CHI TIẾT TÒA NHÀ:\n🔹 THÔNG TIN CHI TIẾT TOÀ NHÀ NHẬT LINH – ATP GALAXY\n“Toà nhà mới với quy mô lớn phía Nam thành phố Đà Nẵng”\n🔹 1. Mô tả văn phòng cho thuê quận Cẩm Lệ Toà nhà NHẬT LINH – ATP GALAXY\n- Toà nhà văn phòng cho thuê quận Cẩm Lệ – Tòa nhà NHẬT LINH – ATP GALAXY nằm trên đường Trần Phước Thành, phường Khuê Trung, quận Cẩm Lệ, thành phố Đà Nẵng. Được khởi công năm 2019 và dự kiến ​​hoàn thành trong năm 2021.\n- Với quy mô 10 tầng, tổng diện tích sàn hơn 14.000m2, ATP GALAXY là tòa nhà phức hợp, đa chức năng đầu tiên của quận Cẩm Lệ.\n- Tòa nhà có 4 tầng đế dùng để khai thác Trung tâm hội nghị, văn phòng cho thuê, hoặc showroom trưng bày. 6 tầng còn lại bao gồm cả tầng thượng có khách sạn công năng, căn hộ, nhà hàng.\n- Tòa nhà được đầu tư theo phong cách kiến ​​trúc tân cổ điển, công trình sẽ đóng góp thêm diện mạo đô thị khang trang cho khu vực quận Cẩm Lệ.\n🔹 2. Kết cấu văn phòng cho thuê quận Cẩm Lệ Toà nhà NHẬT LINH – ATP GALAXY\n- Sàn diện tích: Khoảng 1400m2\n- Diện tích sử dụng: ~ 1000 m2 mỗi tầng\n- Bãi giữ xe: Tầng hầm + khuôn viên tòa nhà\n- Số thang máy:  3 thang\n\n📞 Liên hệ xem văn phòng: 0935723727 (Nguyễn Ngọc Thiên Bình)","$ 10,0 / m2",9651,"Trần Phước Thành, Cẩm Lệ, Đà Nẵng",Cẩm Lệ,Nguyễn Ngọc Thiên Bình,0935723727,,https://officedanang.vn/property/toa-nha-nhat-linh-atp-galaxy/,False
Cho thuê sàn văn phòng 2m2 ở VĨNH TRUNG PLAZA - Q. Thanh Khê,Văn phòng,"🌟 CHO THUÊ VĂN PHÒNG ĐẸP TẠI TÒA NHÀ VĨNH TRUNG PLAZA 🌟\n\n📍 Địa chỉ: Hùng Vương, Thanh Khê, Đà Nẵng\n📐 Diện tích cho thuê: 2 m2 (trống suốt, ánh sáng tự nhiên tốt)\n💵 Giá thuê ưu đãi: $ 15,0 / m2/tháng\n💼 Phù hợp cho văn phòng đại diện, quy mô doanh nghiệp vừa và nhỏ.\n\n🔹 THÔNG TIN CHI TIẾT TÒA NHÀ:\n🔹 THÔNG TIN CHI TIẾT TOÀ NHÀ VĨNH TRUNG PLAZA – KHỐI B2\n“Một trong những toà nhà với hầm đỗ xe rộng bậc nhất Đà Nẵng”\n🔹 1. Mô tả toà nhà văn phòng cho thuê quận Thanh Khê toà nhà Vĩnh Trung Plaza – Khối B2\n- Toà nhà văn phòng cho thuê quận Thanh Khê tại Đà Nẵng – Toà nhà Vĩnh Trung Plaza Khối B2 nằm trên giao lộ đông đúc Hùng Vương – Ông Ích Khiêm của thành phố Đà Nẵng, khu vực giao thương mua bán và giao dịch sầm uất.\n- Cư dân đông đúc,  có rất nhiều hàng quán cafe, quán ăn,… và đặc biệt là Chợ Cồn – một địa điểm nổi tiếng cả nội địa và nước ngoài.\n- Khu vực toà nhà là một khu phức hợp gồm trung tâm thương mại, siêu thị, căn hộ chung cư và Văn phòng cho thuê.\n- Khối B2 là khối phức hợp văn phòng cho thuê và trung tâm thương mại, với cổng ra vào hướng đường Ông Ích Khiêm.\n- Hiện toà nhà văn phòng Vĩnh Trung Plaza được chủ đầu tư để mở rộng khai thác về văn phòng cho thuê.\nToà nhà Vĩnh Trung B2\n🔹 2. Kết cấu văn phòng cho thuê quận Thanh Khê toà nhà Vĩnh Trung Plaza\n- Kết cấu của khối B2: 8 tầng nổi, 1 tầng hầm\n- Diện tích sàn: 2200m2\n\n📞 Liên hệ xem văn phòng: 0935723727 (Nguyễn Ngọc Thiên Bình)","$ 15,0 / m2",2,"Hùng Vương, Thanh Khê, Đà Nẵng",Thanh Khê,Nguyễn Ngọc Thiên Bình,0935723727,,https://officedanang.vn/property/toa-nha-vinh-trung-plaza-khoi-b2/,False
"Cho thuê văn phòng 220m2 tại VĨNH TRUNG PLAZA - Quận Thanh Khê, Đà Nẵng",Văn phòng,"🌟 CHO THUÊ VĂN PHÒNG ĐẸP TẠI TÒA NHÀ VĨNH TRUNG PLAZA 🌟\n\n📍 Địa chỉ: Hùng Vương, Thanh Khê, Đà Nẵng\n📐 Diện tích cho thuê: 220 m2 (trống suốt, ánh sáng tự nhiên tốt)\n💵 Giá thuê ưu đãi: $ 15,0 / m2/tháng\n💼 Phù hợp cho văn phòng đại diện, quy mô doanh nghiệp vừa và nhỏ.\n\n🔹 THÔNG TIN CHI TIẾT TÒA NHÀ:\n🔹 THÔNG TIN CHI TIẾT TOÀ NHÀ VĨNH TRUNG PLAZA – KHỐI B2\n“Một trong những toà nhà với hầm đỗ xe rộng bậc nhất Đà Nẵng”\n🔹 1. Mô tả toà nhà văn phòng cho thuê quận Thanh Khê toà nhà Vĩnh Trung Plaza – Khối B2\n- Toà nhà văn phòng cho thuê quận Thanh Khê tại Đà Nẵng – Toà nhà Vĩnh Trung Plaza Khối B2 nằm trên giao lộ đông đúc Hùng Vương – Ông Ích Khiêm của thành phố Đà Nẵng, khu vực giao thương mua bán và giao dịch sầm uất.\n- Cư dân đông đúc,  có rất nhiều hàng quán cafe, quán ăn,… và đặc biệt là Chợ Cồn – một địa điểm nổi tiếng cả nội địa và nước ngoài.\n- Khu vực toà nhà là một khu phức hợp gồm trung tâm thương mại, siêu thị, căn hộ chung cư và Văn phòng cho thuê.\n- Khối B2 là khối phức hợp văn phòng cho thuê và trung tâm thương mại, với cổng ra vào hướng đường Ông Ích Khiêm.\n- Hiện toà nhà văn phòng Vĩnh Trung Plaza được chủ đầu tư để mở rộng khai thác về văn phòng cho thuê.\nToà nhà Vĩnh Trung B2\n🔹 2. Kết cấu văn phòng cho thuê quận Thanh Khê toà nhà Vĩnh Trung Plaza\n- Kết cấu của khối B2: 8 tầng nổi, 1 tầng hầm\n- Diện tích sàn: 2200m2\n\n📞 Liên hệ xem văn phòng: 0935723727 (Nguyễn Ngọc Thiên Bình)","$ 15,0 / m2",220,"Hùng Vương, Thanh Khê, Đà Nẵng",Thanh Khê,Nguyễn Ngọc Thiên Bình,0935723727,,https://officedanang.vn/property/toa-nha-vinh-trung-plaza-khoi-b2/,False
Cho thuê diện tích văn phòng 500m2 tại VĨNH TRUNG PLAZA Thanh Khê,Văn phòng,"🌟 CHO THUÊ VĂN PHÒNG ĐẸP TẠI TÒA NHÀ VĨNH TRUNG PLAZA 🌟\n\n📍 Địa chỉ: Hùng Vương, Thanh Khê, Đà Nẵng\n📐 Diện tích cho thuê: 500 m2 (trống suốt, ánh sáng tự nhiên tốt)\n💵 Giá thuê ưu đãi: $ 15,0 / m2/tháng\n💼 Phù hợp cho văn phòng đại diện, quy mô doanh nghiệp vừa và nhỏ.\n\n🔹 THÔNG TIN CHI TIẾT TÒA NHÀ:\n🔹 THÔNG TIN CHI TIẾT TOÀ NHÀ VĨNH TRUNG PLAZA – KHỐI B2\n“Một trong những toà nhà với hầm đỗ xe rộng bậc nhất Đà Nẵng”\n🔹 1. Mô tả toà nhà văn phòng cho thuê quận Thanh Khê toà nhà Vĩnh Trung Plaza – Khối B2\n- Toà nhà văn phòng cho thuê quận Thanh Khê tại Đà Nẵng – Toà nhà Vĩnh Trung Plaza Khối B2 nằm trên giao lộ đông đúc Hùng Vương – Ông Ích Khiêm của thành phố Đà Nẵng, khu vực giao thương mua bán và giao dịch sầm uất.\n- Cư dân đông đúc,  có rất nhiều hàng quán cafe, quán ăn,… và đặc biệt là Chợ Cồn – một địa điểm nổi tiếng cả nội địa và nước ngoài.\n- Khu vực toà nhà là một khu phức hợp gồm trung tâm thương mại, siêu thị, căn hộ chung cư và Văn phòng cho thuê.\n- Khối B2 là khối phức hợp văn phòng cho thuê và trung tâm thương mại, với cổng ra vào hướng đường Ông Ích Khiêm.\n- Hiện toà nhà văn phòng Vĩnh Trung Plaza được chủ đầu tư để mở rộng khai thác về văn phòng cho thuê.\nToà nhà Vĩnh Trung B2\n🔹 2. Kết cấu văn phòng cho thuê quận Thanh Khê toà nhà Vĩnh Trung Plaza\n- Kết cấu của khối B2: 8 tầng nổi, 1 tầng hầm\n- Diện tích sàn: 2200m2\n\n📞 Liên hệ xem văn phòng: 0935723727 (Nguyễn Ngọc Thiên Bình)","$ 15,0 / m2",500,"Hùng Vương, Thanh Khê, Đà Nẵng",Thanh Khê,Nguyễn Ngọc Thiên Bình,0935723727,,https://officedanang.vn/property/toa-nha-vinh-trung-plaza-khoi-b2/,False
"Cho thuê văn phòng trống 1156m2 cực đẹp ở tòa nhà VĨNH TRUNG PLAZA, Thanh Khê",Văn phòng,"🌟 CHO THUÊ VĂN PHÒNG ĐẸP TẠI TÒA NHÀ VĨNH TRUNG PLAZA 🌟\n\n📍 Địa chỉ: Hùng Vương, Thanh Khê, Đà Nẵng\n📐 Diện tích cho thuê: 1156 m2 (trống suốt, ánh sáng tự nhiên tốt)\n💵 Giá thuê ưu đãi: $ 15,0 / m2/tháng\n💼 Phù hợp cho văn phòng đại diện, quy mô doanh nghiệp vừa và nhỏ.\n\n🔹 THÔNG TIN CHI TIẾT TÒA NHÀ:\n🔹 THÔNG TIN CHI TIẾT TOÀ NHÀ VĨNH TRUNG PLAZA – KHỐI B2\n“Một trong những toà nhà với hầm đỗ xe rộng bậc nhất Đà Nẵng”\n🔹 1. Mô tả toà nhà văn phòng cho thuê quận Thanh Khê toà nhà Vĩnh Trung Plaza – Khối B2\n- Toà nhà văn phòng cho thuê quận Thanh Khê tại Đà Nẵng – Toà nhà Vĩnh Trung Plaza Khối B2 nằm trên giao lộ đông đúc Hùng Vương – Ông Ích Khiêm của thành phố Đà Nẵng, khu vực giao thương mua bán và giao dịch sầm uất.\n- Cư dân đông đúc,  có rất nhiều hàng quán cafe, quán ăn,… và đặc biệt là Chợ Cồn – một địa điểm nổi tiếng cả nội địa và nước ngoài.\n- Khu vực toà nhà là một khu phức hợp gồm trung tâm thương mại, siêu thị, căn hộ chung cư và Văn phòng cho thuê.\n- Khối B2 là khối phức hợp văn phòng cho thuê và trung tâm thương mại, với cổng ra vào hướng đường Ông Ích Khiêm.\n- Hiện toà nhà văn phòng Vĩnh Trung Plaza được chủ đầu tư để mở rộng khai thác về văn phòng cho thuê.\nToà nhà Vĩnh Trung B2\n🔹 2. Kết cấu văn phòng cho thuê quận Thanh Khê toà nhà Vĩnh Trung Plaza\n- Kết cấu của khối B2: 8 tầng nổi, 1 tầng hầm\n- Diện tích sàn: 2200m2\n\n📞 Liên hệ xem văn phòng: 0935723727 (Nguyễn Ngọc Thiên Bình)","$ 15,0 / m2",1156,"Hùng Vương, Thanh Khê, Đà Nẵng",Thanh Khê,Nguyễn Ngọc Thiên Bình,0935723727,,https://officedanang.vn/property/toa-nha-vinh-trung-plaza-khoi-b2/,False
Cho thuê sàn văn phòng 1m2 ở VĨNH TRUNG PLAZA - Q. Thanh Khê,Văn phòng,"🌟 CHO THUÊ VĂN PHÒNG ĐẸP TẠI TÒA NHÀ VĨNH TRUNG PLAZA 🌟\n\n📍 Địa chỉ: Hùng Vương, Vĩnh Trung, Thanh Khê, Đà Nẵng\n📐 Diện tích cho thuê: 1 m2 (trống suốt, ánh sáng tự nhiên tốt)\n💵 Giá thuê ưu đãi: $ 11,0 / m2/tháng\n💼 Phù hợp cho văn phòng đại diện, quy mô doanh nghiệp vừa và nhỏ.\n\n🔹 THÔNG TIN CHI TIẾT TÒA NHÀ:\n🔹 THÔNG TIN CHI TIẾT TOÀ NHÀ VĨNH TRUNG PLAZA – THÁP A1\n“Một trong những toà nhà với hầm đỗ xe rộng bậc nhất Đà Nẵng”\n🔹 1. Mô tả toà nhà VĨNH TRUNG PLAZA – THÁP A1\n- Văn phòng cho thuê quận Thanh Khê – Toà nhà VĨNH TRUNG PLAZA – THÁP A1 nằm trên giao lộ đông đúc Hùng Vương – Ông Ích Khiêm của thành phố Đà Nẵng, khu vực giao thương mua bán và giao dịch sầm uất.\n- Cư dân đông đúc,  có rất nhiều hàng quán cafe, quán ăn,… và đặc biệt là Chợ Cồn – một địa điểm nổi tiếng cả nội địa và nước ngoài.\n- Khu vực toà nhà là một khu phức hợp gồm trung tâm thương mại, siêu thị, căn hộ chung cư và Văn phòng cho thuê.\n- Khối nhà văn phòng cho thuê được gọi là khối A1, với cổng ra vào hướng đường Ông Ích Khiêm\n- Hiện toà nhà văn phòng Vĩnh Trung Plaza đang được khai thác rất tốt và luôn có tỉ lệ lấp đầy cao\n- Toà nhà văn phòng cho thuê Vĩnh Trung Plaza tập trung đa dạng các khách thuê, đa ngành nghề, da dạng lĩnh vực, đặc biệt nổi trội là IT và bảo hiểm.\nToà nhà VĨNH TRUNG PLAZA – THÁP A1\n🔹 2. Kết cấu văn phòng cho thuê quận Thanh Khê toà nhà VĨNH TRUNG PLAZA – THÁP A1\n- Kết cấu của khối văn phòng (A1): 14 tầng nổi, 1 tầng hầm\n\n📞 Liên hệ xem văn phòng: 0935723727 (Nguyễn Ngọc Thiên Bình)","$ 11,0 / m2",1,"Hùng Vương, Vĩnh Trung, Thanh Khê, Đà Nẵng",Thanh Khê,Nguyễn Ngọc Thiên Bình,0935723727,,https://officedanang.vn/property/toa-nha-vinh-trung-plaza/,False
Cho thuê diện tích văn phòng 64m2 tại VĨNH TRUNG PLAZA Thanh Khê,Văn phòng,"🌟 CHO THUÊ VĂN PHÒNG ĐẸP TẠI TÒA NHÀ VĨNH TRUNG PLAZA 🌟\n\n📍 Địa chỉ: Hùng Vương, Vĩnh Trung, Thanh Khê, Đà Nẵng\n📐 Diện tích cho thuê: 64 m2 (trống suốt, ánh sáng tự nhiên tốt)\n💵 Giá thuê ưu đãi: $ 11,0 / m2/tháng\n💼 Phù hợp cho văn phòng đại diện, quy mô doanh nghiệp vừa và nhỏ.\n\n🔹 THÔNG TIN CHI TIẾT TÒA NHÀ:\n🔹 THÔNG TIN CHI TIẾT TOÀ NHÀ VĨNH TRUNG PLAZA – THÁP A1\n“Một trong những toà nhà với hầm đỗ xe rộng bậc nhất Đà Nẵng”\n🔹 1. Mô tả toà nhà VĨNH TRUNG PLAZA – THÁP A1\n- Văn phòng cho thuê quận Thanh Khê – Toà nhà VĨNH TRUNG PLAZA – THÁP A1 nằm trên giao lộ đông đúc Hùng Vương – Ông Ích Khiêm của thành phố Đà Nẵng, khu vực giao thương mua bán và giao dịch sầm uất.\n- Cư dân đông đúc,  có rất nhiều hàng quán cafe, quán ăn,… và đặc biệt là Chợ Cồn – một địa điểm nổi tiếng cả nội địa và nước ngoài.\n- Khu vực toà nhà là một khu phức hợp gồm trung tâm thương mại, siêu thị, căn hộ chung cư và Văn phòng cho thuê.\n- Khối nhà văn phòng cho thuê được gọi là khối A1, với cổng ra vào hướng đường Ông Ích Khiêm\n- Hiện toà nhà văn phòng Vĩnh Trung Plaza đang được khai thác rất tốt và luôn có tỉ lệ lấp đầy cao\n- Toà nhà văn phòng cho thuê Vĩnh Trung Plaza tập trung đa dạng các khách thuê, đa ngành nghề, da dạng lĩnh vực, đặc biệt nổi trội là IT và bảo hiểm.\nToà nhà VĨNH TRUNG PLAZA – THÁP A1\n🔹 2. Kết cấu văn phòng cho thuê quận Thanh Khê toà nhà VĨNH TRUNG PLAZA – THÁP A1\n- Kết cấu của khối văn phòng (A1): 14 tầng nổi, 1 tầng hầm\n\n📞 Liên hệ xem văn phòng: 0935723727 (Nguyễn Ngọc Thiên Bình)","$ 11,0 / m2",64,"Hùng Vương, Vĩnh Trung, Thanh Khê, Đà Nẵng",Thanh Khê,Nguyễn Ngọc Thiên Bình,0935723727,,https://officedanang.vn/property/toa-nha-vinh-trung-plaza/,False
Văn phòng làm việc 94m2 cho thuê tại VĨNH TRUNG PLAZA Quận Thanh Khê,Văn phòng,"🌟 CHO THUÊ VĂN PHÒNG ĐẸP TẠI TÒA NHÀ VĨNH TRUNG PLAZA 🌟\n\n📍 Địa chỉ: Hùng Vương, Vĩnh Trung, Thanh Khê, Đà Nẵng\n📐 Diện tích cho thuê: 94 m2 (trống suốt, ánh sáng tự nhiên tốt)\n💵 Giá thuê ưu đãi: $ 11,0 / m2/tháng\n💼 Phù hợp cho văn phòng đại diện, quy mô doanh nghiệp vừa và nhỏ.\n\n🔹 THÔNG TIN CHI TIẾT TÒA NHÀ:\n🔹 THÔNG TIN CHI TIẾT TOÀ NHÀ VĨNH TRUNG PLAZA – THÁP A1\n“Một trong những toà nhà với hầm đỗ xe rộng bậc nhất Đà Nẵng”\n🔹 1. Mô tả toà nhà VĨNH TRUNG PLAZA – THÁP A1\n- Văn phòng cho thuê quận Thanh Khê – Toà nhà VĨNH TRUNG PLAZA – THÁP A1 nằm trên giao lộ đông đúc Hùng Vương – Ông Ích Khiêm của thành phố Đà Nẵng, khu vực giao thương mua bán và giao dịch sầm uất.\n- Cư dân đông đúc,  có rất nhiều hàng quán cafe, quán ăn,… và đặc biệt là Chợ Cồn – một địa điểm nổi tiếng cả nội địa và nước ngoài.\n- Khu vực toà nhà là một khu phức hợp gồm trung tâm thương mại, siêu thị, căn hộ chung cư và Văn phòng cho thuê.\n- Khối nhà văn phòng cho thuê được gọi là khối A1, với cổng ra vào hướng đường Ông Ích Khiêm\n- Hiện toà nhà văn phòng Vĩnh Trung Plaza đang được khai thác rất tốt và luôn có tỉ lệ lấp đầy cao\n- Toà nhà văn phòng cho thuê Vĩnh Trung Plaza tập trung đa dạng các khách thuê, đa ngành nghề, da dạng lĩnh vực, đặc biệt nổi trội là IT và bảo hiểm.\nToà nhà VĨNH TRUNG PLAZA – THÁP A1\n🔹 2. Kết cấu văn phòng cho thuê quận Thanh Khê toà nhà VĨNH TRUNG PLAZA – THÁP A1\n- Kết cấu của khối văn phòng (A1): 14 tầng nổi, 1 tầng hầm\n\n📞 Liên hệ xem văn phòng: 0935723727 (Nguyễn Ngọc Thiên Bình)","$ 11,0 / m2",94,"Hùng Vương, Vĩnh Trung, Thanh Khê, Đà Nẵng",Thanh Khê,Nguyễn Ngọc Thiên Bình,0935723727,,https://officedanang.vn/property/toa-nha-vinh-trung-plaza/,False
"Văn phòng cho thuê 350m2 tại tòa nhà VĨNH TRUNG PLAZA, Thanh Khê",Văn phòng,"🌟 CHO THUÊ VĂN PHÒNG ĐẸP TẠI TÒA NHÀ VĨNH TRUNG PLAZA 🌟\n\n📍 Địa chỉ: Hùng Vương, Vĩnh Trung, Thanh Khê, Đà Nẵng\n📐 Diện tích cho thuê: 350 m2 (trống suốt, ánh sáng tự nhiên tốt)\n💵 Giá thuê ưu đãi: $ 11,0 / m2/tháng\n💼 Phù hợp cho văn phòng đại diện, quy mô doanh nghiệp vừa và nhỏ.\n\n🔹 THÔNG TIN CHI TIẾT TÒA NHÀ:\n🔹 THÔNG TIN CHI TIẾT TOÀ NHÀ VĨNH TRUNG PLAZA – THÁP A1\n“Một trong những toà nhà với hầm đỗ xe rộng bậc nhất Đà Nẵng”\n🔹 1. Mô tả toà nhà VĨNH TRUNG PLAZA – THÁP A1\n- Văn phòng cho thuê quận Thanh Khê – Toà nhà VĨNH TRUNG PLAZA – THÁP A1 nằm trên giao lộ đông đúc Hùng Vương – Ông Ích Khiêm của thành phố Đà Nẵng, khu vực giao thương mua bán và giao dịch sầm uất.\n- Cư dân đông đúc,  có rất nhiều hàng quán cafe, quán ăn,… và đặc biệt là Chợ Cồn – một địa điểm nổi tiếng cả nội địa và nước ngoài.\n- Khu vực toà nhà là một khu phức hợp gồm trung tâm thương mại, siêu thị, căn hộ chung cư và Văn phòng cho thuê.\n- Khối nhà văn phòng cho thuê được gọi là khối A1, với cổng ra vào hướng đường Ông Ích Khiêm\n- Hiện toà nhà văn phòng Vĩnh Trung Plaza đang được khai thác rất tốt và luôn có tỉ lệ lấp đầy cao\n- Toà nhà văn phòng cho thuê Vĩnh Trung Plaza tập trung đa dạng các khách thuê, đa ngành nghề, da dạng lĩnh vực, đặc biệt nổi trội là IT và bảo hiểm.\nToà nhà VĨNH TRUNG PLAZA – THÁP A1\n🔹 2. Kết cấu văn phòng cho thuê quận Thanh Khê toà nhà VĨNH TRUNG PLAZA – THÁP A1\n- Kết cấu của khối văn phòng (A1): 14 tầng nổi, 1 tầng hầm\n\n📞 Liên hệ xem văn phòng: 0935723727 (Nguyễn Ngọc Thiên Bình)","$ 11,0 / m2",350,"Hùng Vương, Vĩnh Trung, Thanh Khê, Đà Nẵng",Thanh Khê,Nguyễn Ngọc Thiên Bình,0935723727,,https://officedanang.vn/property/toa-nha-vinh-trung-plaza/,False
"Văn phòng cho thuê 725m2 tại tòa nhà VĨNH TRUNG PLAZA, Thanh Khê",Văn phòng,"🌟 CHO THUÊ VĂN PHÒNG ĐẸP TẠI TÒA NHÀ VĨNH TRUNG PLAZA 🌟\n\n📍 Địa chỉ: Hùng Vương, Vĩnh Trung, Thanh Khê, Đà Nẵng\n📐 Diện tích cho thuê: 725 m2 (trống suốt, ánh sáng tự nhiên tốt)\n💵 Giá thuê ưu đãi: $ 11,0 / m2/tháng\n💼 Phù hợp cho văn phòng đại diện, quy mô doanh nghiệp vừa và nhỏ.\n\n🔹 THÔNG TIN CHI TIẾT TÒA NHÀ:\n🔹 THÔNG TIN CHI TIẾT TOÀ NHÀ VĨNH TRUNG PLAZA – THÁP A1\n“Một trong những toà nhà với hầm đỗ xe rộng bậc nhất Đà Nẵng”\n🔹 1. Mô tả toà nhà VĨNH TRUNG PLAZA – THÁP A1\n- Văn phòng cho thuê quận Thanh Khê – Toà nhà VĨNH TRUNG PLAZA – THÁP A1 nằm trên giao lộ đông đúc Hùng Vương – Ông Ích Khiêm của thành phố Đà Nẵng, khu vực giao thương mua bán và giao dịch sầm uất.\n- Cư dân đông đúc,  có rất nhiều hàng quán cafe, quán ăn,… và đặc biệt là Chợ Cồn – một địa điểm nổi tiếng cả nội địa và nước ngoài.\n- Khu vực toà nhà là một khu phức hợp gồm trung tâm thương mại, siêu thị, căn hộ chung cư và Văn phòng cho thuê.\n- Khối nhà văn phòng cho thuê được gọi là khối A1, với cổng ra vào hướng đường Ông Ích Khiêm\n- Hiện toà nhà văn phòng Vĩnh Trung Plaza đang được khai thác rất tốt và luôn có tỉ lệ lấp đầy cao\n- Toà nhà văn phòng cho thuê Vĩnh Trung Plaza tập trung đa dạng các khách thuê, đa ngành nghề, da dạng lĩnh vực, đặc biệt nổi trội là IT và bảo hiểm.\nToà nhà VĨNH TRUNG PLAZA – THÁP A1\n🔹 2. Kết cấu văn phòng cho thuê quận Thanh Khê toà nhà VĨNH TRUNG PLAZA – THÁP A1\n- Kết cấu của khối văn phòng (A1): 14 tầng nổi, 1 tầng hầm\n\n📞 Liên hệ xem văn phòng: 0935723727 (Nguyễn Ngọc Thiên Bình)","$ 11,0 / m2",725,"Hùng Vương, Vĩnh Trung, Thanh Khê, Đà Nẵng",Thanh Khê,Nguyễn Ngọc Thiên Bình,0935723727,,https://officedanang.vn/property/toa-nha-vinh-trung-plaza/,False
"Cho thuê văn phòng 2725m2 tại VĨNH TRUNG PLAZA - Quận Thanh Khê, Đà Nẵng",Văn phòng,"🌟 CHO THUÊ VĂN PHÒNG ĐẸP TẠI TÒA NHÀ VĨNH TRUNG PLAZA 🌟\n\n📍 Địa chỉ: Hùng Vương, Vĩnh Trung, Thanh Khê, Đà Nẵng\n📐 Diện tích cho thuê: 2725 m2 (trống suốt, ánh sáng tự nhiên tốt)\n💵 Giá thuê ưu đãi: $ 11,0 / m2/tháng\n💼 Phù hợp cho văn phòng đại diện, quy mô doanh nghiệp vừa và nhỏ.\n\n🔹 THÔNG TIN CHI TIẾT TÒA NHÀ:\n🔹 THÔNG TIN CHI TIẾT TOÀ NHÀ VĨNH TRUNG PLAZA – THÁP A1\n“Một trong những toà nhà với hầm đỗ xe rộng bậc nhất Đà Nẵng”\n🔹 1. Mô tả toà nhà VĨNH TRUNG PLAZA – THÁP A1\n- Văn phòng cho thuê quận Thanh Khê – Toà nhà VĨNH TRUNG PLAZA – THÁP A1 nằm trên giao lộ đông đúc Hùng Vương – Ông Ích Khiêm của thành phố Đà Nẵng, khu vực giao thương mua bán và giao dịch sầm uất.\n- Cư dân đông đúc,  có rất nhiều hàng quán cafe, quán ăn,… và đặc biệt là Chợ Cồn – một địa điểm nổi tiếng cả nội địa và nước ngoài.\n- Khu vực toà nhà là một khu phức hợp gồm trung tâm thương mại, siêu thị, căn hộ chung cư và Văn phòng cho thuê.\n- Khối nhà văn phòng cho thuê được gọi là khối A1, với cổng ra vào hướng đường Ông Ích Khiêm\n- Hiện toà nhà văn phòng Vĩnh Trung Plaza đang được khai thác rất tốt và luôn có tỉ lệ lấp đầy cao\n- Toà nhà văn phòng cho thuê Vĩnh Trung Plaza tập trung đa dạng các khách thuê, đa ngành nghề, da dạng lĩnh vực, đặc biệt nổi trội là IT và bảo hiểm.\nToà nhà VĨNH TRUNG PLAZA – THÁP A1\n🔹 2. Kết cấu văn phòng cho thuê quận Thanh Khê toà nhà VĨNH TRUNG PLAZA – THÁP A1\n- Kết cấu của khối văn phòng (A1): 14 tầng nổi, 1 tầng hầm\n\n📞 Liên hệ xem văn phòng: 0935723727 (Nguyễn Ngọc Thiên Bình)","$ 11,0 / m2",2725,"Hùng Vương, Vĩnh Trung, Thanh Khê, Đà Nẵng",Thanh Khê,Nguyễn Ngọc Thiên Bình,0935723727,,https://officedanang.vn/property/toa-nha-vinh-trung-plaza/,False
Cho thuê sàn văn phòng 120m2 ở AP TEK - Q. Hải Châu,Văn phòng,"🌟 CHO THUÊ VĂN PHÒNG ĐẸP TẠI TÒA NHÀ AP TEK 🌟\n\n📍 Địa chỉ: Tòa nhà Kim Sơn, 16 - 18 Phan Thành Tài, P. Bình Thuận, Q.Hải Châu, Tp. Đà Nẵng\n📐 Diện tích cho thuê: 120 m2 (trống suốt, ánh sáng tự nhiên tốt)\n💵 Giá thuê ưu đãi: 25.000.000 đ /tháng\n💼 Phù hợp cho văn phòng đại diện, quy mô doanh nghiệp vừa và nhỏ.\n\n🔹 THÔNG TIN CHI TIẾT TÒA NHÀ:\n🔹 THÔNG TIN CHI TIẾT TOÀ NHÀ AP TEK\n“Tòa nhà mới với giá tốt nhất tại khu vưc trung tâm thành phố”\n🔹 1. Mô tả toà nhà AP TEK\n- Toà nhà văn phòng cho thuê quận Thanh Khê – Toà nhà AP TEK tọa lạc trên đường Lê Đình Lý, gần sân bay và con đường tài chính Nguyễn Văn Linh.\n- Có nhiều quán ăn uống, cửa hàng tiện lợi, ngân hàng,… ở các con đường liền kề gần khu vực xung quanh toà nhà AP TEK\n- Tòa nhà AP TEK với tầng 1 được chủ đầu tư xây dựng làm mô hình coffee, mang lại không gian để khách hàng có thể gặp gỡ đối tác cũng như để nhân viên có chỗ để thư giãn và giải trí.\n🔹 2. Kết cấu văn phòng cho thuê quận Thanh Khê toà nhà AP TEK\n- Số tầng của toà nhà: 1 tầng hầm, 8 tầng nổi\n- Diện tích sàn sử dụng văn phòng: 120m2\n- Khu vực đỗ xe: 1 tầng hầm và bên ngoài toà nhà\n- Số thang máy: 2 thang\n\n📞 Liên hệ xem văn phòng: 0935723727 (Nguyễn Ngọc Thiên Bình)",25000000,120,"Tòa nhà Kim Sơn, 16 - 18 Phan Thành Tài, P. Bình Thuận, Q.Hải Châu, Tp. Đà Nẵng",Hải Châu,Nguyễn Ngọc Thiên Bình,0935723727,,https://officedanang.vn/property/toa-nha-ap-tek-van-phong-cho-thue/,False
"Cho thuê văn phòng 9523m2 tại AP TEK - Quận Hải Châu, Đà Nẵng",Văn phòng,"🌟 CHO THUÊ VĂN PHÒNG ĐẸP TẠI TÒA NHÀ AP TEK 🌟\n\n📍 Địa chỉ: Tòa nhà Kim Sơn, 16 - 18 Phan Thành Tài, P. Bình Thuận, Q.Hải Châu, Tp. Đà Nẵng\n📐 Diện tích cho thuê: 9523 m2 (trống suốt, ánh sáng tự nhiên tốt)\n💵 Giá thuê ưu đãi: Thỏa thuận/tháng\n💼 Phù hợp cho văn phòng đại diện, quy mô doanh nghiệp vừa và nhỏ.\n\n🔹 THÔNG TIN CHI TIẾT TÒA NHÀ:\n🔹 THÔNG TIN CHI TIẾT TOÀ NHÀ AP TEK\n“Tòa nhà mới với giá tốt nhất tại khu vưc trung tâm thành phố”\n🔹 1. Mô tả toà nhà AP TEK\n- Toà nhà văn phòng cho thuê quận Thanh Khê – Toà nhà AP TEK tọa lạc trên đường Lê Đình Lý, gần sân bay và con đường tài chính Nguyễn Văn Linh.\n- Có nhiều quán ăn uống, cửa hàng tiện lợi, ngân hàng,… ở các con đường liền kề gần khu vực xung quanh toà nhà AP TEK\n- Tòa nhà AP TEK với tầng 1 được chủ đầu tư xây dựng làm mô hình coffee, mang lại không gian để khách hàng có thể gặp gỡ đối tác cũng như để nhân viên có chỗ để thư giãn và giải trí.\n🔹 2. Kết cấu văn phòng cho thuê quận Thanh Khê toà nhà AP TEK\n- Số tầng của toà nhà: 1 tầng hầm, 8 tầng nổi\n- Diện tích sàn sử dụng văn phòng: 120m2\n- Khu vực đỗ xe: 1 tầng hầm và bên ngoài toà nhà\n- Số thang máy: 2 thang\n🔹 3. Các chi phí Khách Thuê phải trả tại toà nhà văn phòng AP TEK\n\n📞 Liên hệ xem văn phòng: 0935723727 (Nguyễn Ngọc Thiên Bình)",Thỏa thuận,9523,"Tòa nhà Kim Sơn, 16 - 18 Phan Thành Tài, P. Bình Thuận, Q.Hải Châu, Tp. Đà Nẵng",Hải Châu,Nguyễn Ngọc Thiên Bình,0935723727,,https://officedanang.vn/property/toa-nha-ap-tek-van-phong-cho-thue/,False
"Cho thuê văn phòng trống 222m2 cực đẹp ở tòa nhà TLE, Hải Châu",Văn phòng,"🌟 CHO THUÊ VĂN PHÒNG ĐẸP TẠI TÒA NHÀ TLE 🌟\n\n📍 Địa chỉ: 222 Nguyễn Hữu Thọ, Hoà Cường, Đà Nẵng 550000, Việt Nam\n📐 Diện tích cho thuê: 222 m2 (trống suốt, ánh sáng tự nhiên tốt)\n💵 Giá thuê ưu đãi: $ 10,0 / m2/tháng\n💼 Phù hợp cho văn phòng đại diện, quy mô doanh nghiệp vừa và nhỏ.\n\n🔹 THÔNG TIN CHI TIẾT TÒA NHÀ:\n🔹 THÔNG TIN CHI TIẾT TOÀ NHÀ TLE\n🔹 1. Mô tả văn phòng cho thuê phường Hoà Cường – Toà nhà TLE\n- Toà nhà văn phòng cho thuê quận Hải Châu – Toà nhà TLE nằm trên đường Nguyễn Hữu Thọ, Phường Hoà Cường, thành phố Đà Nẵng. Là toà nhà văn phòng do Tập Đoàn Thang Máy Thiết Bị Thăng Long làm chủ đầu tư, với mục đích xây dựng làm trụ sở văn phòng và cho thuê văn phòng ở các tầng chưa sử dụng hết.\n- Toà nhà TLE gồm 7 tầng nổi và 1 tầng hầm, diện tích mỗi sàn 350 m2 và diện tích sử dụng sau khi trừ khu vực thang máy, thang bộ, sảnh chờ, khu vực vệ sinh tương đường 290 m2, đây cũng là một diện tích sàn khá ít ở thành phố Đà Nẵng.\n🔹 2. Kết cấu văn phòng cho thuê phường Hoà Cường – Toà nhà TLE\n- Kết cấu: 8 tầng nổi, 1 hầm\n- Diện tích cho thuê: ~ 280 m2\n- Khu vực giữ xe: Tầng hầm\n- Số thang máy: 1 thang\n🔹 3. Các chi phí Khách thuê phải trả tại Toà nhà TLE\n- Tiền thuê văn phòng: 10 USD /m2/tháng\n- Phí dịch vụ: Đã bao gồm trong giá thuê\n\n📞 Liên hệ xem văn phòng: 0935723727 (Nguyễn Ngọc Thiên Bình)","$ 10,0 / m2",222,"222 Nguyễn Hữu Thọ, Hoà Cường, Đà Nẵng 550000, Việt Nam",Hải Châu,Nguyễn Ngọc Thiên Bình,0935723727,,https://officedanang.vn/property/toa-nha-tle/,False
"Cho thuê văn phòng trống 280m2 cực đẹp ở tòa nhà TLE, Hải Châu",Văn phòng,"🌟 CHO THUÊ VĂN PHÒNG ĐẸP TẠI TÒA NHÀ TLE 🌟\n\n📍 Địa chỉ: 222 Nguyễn Hữu Thọ, Hoà Cường, Đà Nẵng 550000, Việt Nam\n📐 Diện tích cho thuê: 280 m2 (trống suốt, ánh sáng tự nhiên tốt)\n💵 Giá thuê ưu đãi: $ 10,0 / m2/tháng\n💼 Phù hợp cho văn phòng đại diện, quy mô doanh nghiệp vừa và nhỏ.\n\n🔹 THÔNG TIN CHI TIẾT TÒA NHÀ:\n🔹 THÔNG TIN CHI TIẾT TOÀ NHÀ TLE\n🔹 1. Mô tả văn phòng cho thuê phường Hoà Cường – Toà nhà TLE\n- Toà nhà văn phòng cho thuê quận Hải Châu – Toà nhà TLE nằm trên đường Nguyễn Hữu Thọ, Phường Hoà Cường, thành phố Đà Nẵng. Là toà nhà văn phòng do Tập Đoàn Thang Máy Thiết Bị Thăng Long làm chủ đầu tư, với mục đích xây dựng làm trụ sở văn phòng và cho thuê văn phòng ở các tầng chưa sử dụng hết.\n- Toà nhà TLE gồm 7 tầng nổi và 1 tầng hầm, diện tích mỗi sàn 350 m2 và diện tích sử dụng sau khi trừ khu vực thang máy, thang bộ, sảnh chờ, khu vực vệ sinh tương đường 290 m2, đây cũng là một diện tích sàn khá ít ở thành phố Đà Nẵng.\n🔹 2. Kết cấu văn phòng cho thuê phường Hoà Cường – Toà nhà TLE\n- Kết cấu: 8 tầng nổi, 1 hầm\n- Diện tích cho thuê: ~ 280 m2\n- Khu vực giữ xe: Tầng hầm\n- Số thang máy: 1 thang\n🔹 3. Các chi phí Khách thuê phải trả tại Toà nhà TLE\n- Tiền thuê văn phòng: 10 USD /m2/tháng\n- Phí dịch vụ: Đã bao gồm trong giá thuê\n\n📞 Liên hệ xem văn phòng: 0935723727 (Nguyễn Ngọc Thiên Bình)","$ 10,0 / m2",280,"222 Nguyễn Hữu Thọ, Hoà Cường, Đà Nẵng 550000, Việt Nam",Hải Châu,Nguyễn Ngọc Thiên Bình,0935723727,,https://officedanang.vn/property/toa-nha-tle/,False
"Cho thuê văn phòng 3797m2 tại VIỆT BUILDING - Quận Hải Châu, Đà Nẵng",Văn phòng,"🌟 CHO THUÊ VĂN PHÒNG ĐẸP TẠI TÒA NHÀ VIỆT BUILDING 🌟\n\n📍 Địa chỉ: Đống Đa, Thanh Bình, Hải Châu, Đà Nẵng\n📐 Diện tích cho thuê: 3797 m2 (trống suốt, ánh sáng tự nhiên tốt)\n💵 Giá thuê ưu đãi: $ 7,0 / m2/tháng\n💼 Phù hợp cho văn phòng đại diện, quy mô doanh nghiệp vừa và nhỏ.\n\n🔹 THÔNG TIN CHI TIẾT TÒA NHÀ:\n🔹 THÔNG TIN CHI TIẾT TOÀ NHÀ VIỆT BUILDING\n🔹 1. Mô tả văn phòng cho thuê quận Hải Châu – Toà nhà VIỆT BUILDING\n- Toà nhà văn phòng cho thuê quận Hải Châu – Toà nhà VIỆT BUILDING nằm trên đường Đống Đa, tuyến đường lớn và tập trung nhiều cơ sở kinh doanh, ngân hàng và khách sạn tại Thành phố Đà Nẵng.\n- Tòa nhà VIỆT BUILDING với thiết kế 9 tầng, 1 tầng hầm. Diện tích sàn tương đương 160 m2, do đặc điểm thiết kế, tòa nhà ưu tiên các đơn vị thuê nguyên sàn tại tòa nhà.\n- Tại tầng 1 của tòa nhà hiện đang có ngân hàng MB Bank đặt văn phòng giao dịch. Mang đến tiện ích cho tòa nhà.\n🔹 2. Kết cấu văn phòng cho thuê quận Hải Châu – Toà nhà VIỆT BUILDING\n- Diện tích sàn: Khoảng 200m2\n- Diện tích sử dụng: 150 m2 mỗi tầng\n- Số thang máy: 1 thang\n🔹 3. Các chi phí Khách thuê phải trả tại Toà nhà VIỆT BUILDING\n- Tiền thuê văn phòng: ~ USD 7m2/tháng – 25.000.000đ/tháng\n- Phí dịch vụ: Đã bao gồm trong giá thuê\n\n📞 Liên hệ xem văn phòng: 0935723727 (Nguyễn Ngọc Thiên Bình)","$ 7,0 / m2",3797,"Đống Đa, Thanh Bình, Hải Châu, Đà Nẵng",Hải Châu,Nguyễn Ngọc Thiên Bình,0935723727,,https://officedanang.vn/property/toa-nha-viet-building/,False
Văn phòng làm việc 7247m2 cho thuê tại VẠN TƯỜNG Quận Thanh Khê,Văn phòng,"🌟 CHO THUÊ VĂN PHÒNG ĐẸP TẠI TÒA NHÀ VẠN TƯỜNG 🌟\n\n📍 Địa chỉ: Lê Đình Lý, Vĩnh Trung, Thanh Khê, Đà Nẵng\n📐 Diện tích cho thuê: 7247 m2 (trống suốt, ánh sáng tự nhiên tốt)\n💵 Giá thuê ưu đãi: $ 10,0 / m2/tháng\n💼 Phù hợp cho văn phòng đại diện, quy mô doanh nghiệp vừa và nhỏ.\n\n🔹 THÔNG TIN CHI TIẾT TÒA NHÀ:\n🔹 THÔNG TIN CHI TIẾT TOÀ NHÀ VẠN TƯỜNG\n“Tòa nhà văn phòng lớn nằm trên đường Lê Đình Lý”\n🔹 1. Mô tả văn phòng cho thuê quận Thanh Khê Toà nhà VẠN TƯỜNG\n- Toà nhà văn phòng cho thuê quận Thanh Khê – Toà nhà VẠN TƯỜNG nằm trên đường Lê Đình Lý, tuyến đường lớn giao với Nguyễn Văn Linh, và cũng là toà nhà tập trung khá nhiều toà nhà văn phòng.\n- Toà nhà Vạn Tường do chính công ty Cổ Phần Xây Dựng và Đầu Tư Vạn Tường làm chủ đầu tư vàn trực tiếp quản lý vận hành. Đi vào hoạt động từ năm 2015, tuy nhiên, các trang thiết bị còn mới và sử dụng tương đối tốt.\n- Toà nhà nằm ở vị trí địa lý thuận lợi như: cách sân bay quốc nội chỉ chưa đến 5 phút, cách cầu Rồng 2km, cách ga Đà Nẵng 4 km, bên cạnh đó, tuyến đường Lê Đình Lý còn tập trung nhiều hàng quán ăn uống đảm bảo nhu cầu ăn trưa của nhân viên.\n🔹 2. Kết cấu văn phòng cho thuê quận Thanh Khê Toà nhà VẠN TƯỜNG\n- Diện tích sàn: 574 m2\n- Diện tích cho thuê: khoảng 450m2 mỗi sàn\n- Khu vực giữ xe: Khuôn viên toà nhà\n- Số thang máy: 2 thang\n🔹 3. Các chi phí Khách thuê phải trả tại Toà nhà VẠN TƯỜNG\n\n📞 Liên hệ xem văn phòng: 0935723727 (Nguyễn Ngọc Thiên Bình)","$ 10,0 / m2",7247,"Lê Đình Lý, Vĩnh Trung, Thanh Khê, Đà Nẵng",Thanh Khê,Nguyễn Ngọc Thiên Bình,0935723727,,https://officedanang.vn/property/toa-nha-van-tuong/,False
Cho thuê diện tích văn phòng 550000m2 tại PGT TOWER Hải Châu,Văn phòng,"🌟 CHO THUÊ VĂN PHÒNG ĐẸP TẠI TÒA NHÀ PGT TOWER 🌟\n\n📍 Địa chỉ: Nguyễn Hữu Thọ, Hoà Cường Bắc, Hải Châu, Đà Nẵng 550000, Việt Nam\n📐 Diện tích cho thuê: 550000 m2 (trống suốt, ánh sáng tự nhiên tốt)\n💵 Giá thuê ưu đãi: $ 12,0 / m2/tháng\n💼 Phù hợp cho văn phòng đại diện, quy mô doanh nghiệp vừa và nhỏ.\n\n🔹 THÔNG TIN CHI TIẾT TÒA NHÀ:\n🔹 THÔNG TIN CHI TIẾT TOÀ NHÀ PGT TOWER\n🔹 1. Mô tả văn phòng cho thuê quận Hải Châu Toà nhà PGT TOWER\n- Toà nhà văn phòng cho thuê quận Hải Châu – Toà nhà PGT TOWER nằm trên tuyến đường Nguyễn Hữu Thọ, Phường Hòa Cường Bắc, quận Hải Châu, thành phố Đà Nẵng.\n- Tòa nhà do PGT Group là chủ đầu tư và quản lý vận hành cũng như khai thác mảng văn phòng cho thuê.\n- Là một trong những tòa nhà lớn ở phía Nam thành phố Đà Nẵng.\n🔹 2. Kết cấu văn phòng cho thuê quận Hải Châu Toà nhà PGT TOWER\n- Diện tích sàn: 250 m2\n- Diện tích cho thuê: khoảng 213m2 mỗi sàn\n- Khu vực giữ xe: Tầng hầm\n- Số thang máy: 2 thang\n🔹 3. Các chi phí Khách thuê phải trả tại Toà nhà PGT TOWER\n- Tiền thuê văn phòng: 12 USD /m2/tháng\n\n📞 Liên hệ xem văn phòng: 0935723727 (Nguyễn Ngọc Thiên Bình)","$ 12,0 / m2",550000,"Nguyễn Hữu Thọ, Hoà Cường Bắc, Hải Châu, Đà Nẵng 550000, Việt Nam",Hải Châu,Nguyễn Ngọc Thiên Bình,0935723727,,https://officedanang.vn/property/toa-nha-pgt-tower/,False
"Cho thuê văn phòng 105m2 tại TÙNG LÂM TOWER - Quận Hải Châu, Đà Nẵng",Văn phòng,"🌟 CHO THUÊ VĂN PHÒNG ĐẸP TẠI TÒA NHÀ TÙNG LÂM TOWER 🌟\n\n📍 Địa chỉ: Núi Thành, Hải Châu, Đà Nẵng\n📐 Diện tích cho thuê: 105 m2 (trống suốt, ánh sáng tự nhiên tốt)\n💵 Giá thuê ưu đãi: $ 12,0 / m2/tháng\n💼 Phù hợp cho văn phòng đại diện, quy mô doanh nghiệp vừa và nhỏ.\n\n🔹 THÔNG TIN CHI TIẾT TÒA NHÀ:\n🔹 THÔNG TIN CHI TIẾT TOÀ NHÀ TÙNG LÂM TOWER\n🔹 1. Mô tả văn phòng cho thuê quận Hải Châu Toà nhà TÙNG LÂM TOWER\n- Toà nhà văn phòng cho thuê quận Hải Châu – Toà nhà TÙNG LÂM TOWER nằm trên đường Núi Thành, quân Hải Châu. Là tuyến đường chuyên kinh doanh nội thất và các hàng quán. Đây cũng là một trong những tuyến đường tập trung nhiều ngân hàng nhất Đà Nẵng.\n- Tòa nhà TÙNG LÂM TOWER do công ty Cổ Phần Tùng Lâm là chủ đầu tư và xây dựng. Với 16 năm hoạt động trong lĩnh vực thiết kế, TÙNG LÂM TOWER có đầy đủ các yếu tố để mang đến những trải nghiệm văn phòng tốt nhất khi khách hàng làm việc tại đây.\n- Với diện tích sử dụng mỗi sàn 215 m2, TÙNG LÂM TOWER ưu tiên các đơn vị thuê nguyên sàn. Tuy nhiên, tòa nhà vẫn có thêm 2 phương án thuê nhỏ hơn để khách hàng có thể lựa chọn diện tích phù hợp cho công ty của mình là 90 m2 và 125 m2. Bên cạnh đó, TÙNG LÂM cũng hỗ trợ giá cho gói thi công thiết kế văn phòng khi khách hàng thuê văn phòng tại tòa nhà.\n🔹 2. Kết cấu văn phòng cho thuê quận Hải Châu Toà nhà TÙNG LÂM TOWER\n- Kết cấu: 11 tầng nổi, 1 tầng hầm\n- Diện tích mỗi sàn: 300 m2\n- Diện tích cho thuê: 90 – 125 – 215 m2\n- Khu vực giữ xe: Tầng hầm + Bãi bên cạnh\n- Số thang máy: 2 thang\n🔹 3. Các chi phí Khách thuê phải trả tại Toà nhà TÙNG LÂM TOWER\n\n📞 Liên hệ xem văn phòng: 0935723727 (Nguyễn Ngọc Thiên Bình)","$ 12,0 / m2",105,"Núi Thành, Hải Châu, Đà Nẵng",Hải Châu,Nguyễn Ngọc Thiên Bình,0935723727,,https://officedanang.vn/property/toa-nha-tung-lam-tower/,False
Cho thuê diện tích văn phòng 125m2 tại TÙNG LÂM TOWER Hải Châu,Văn phòng,"🌟 CHO THUÊ VĂN PHÒNG ĐẸP TẠI TÒA NHÀ TÙNG LÂM TOWER 🌟\n\n📍 Địa chỉ: Núi Thành, Hải Châu, Đà Nẵng\n📐 Diện tích cho thuê: 125 m2 (trống suốt, ánh sáng tự nhiên tốt)\n💵 Giá thuê ưu đãi: $ 12,0 / m2/tháng\n💼 Phù hợp cho văn phòng đại diện, quy mô doanh nghiệp vừa và nhỏ.\n\n🔹 THÔNG TIN CHI TIẾT TÒA NHÀ:\n🔹 THÔNG TIN CHI TIẾT TOÀ NHÀ TÙNG LÂM TOWER\n🔹 1. Mô tả văn phòng cho thuê quận Hải Châu Toà nhà TÙNG LÂM TOWER\n- Toà nhà văn phòng cho thuê quận Hải Châu – Toà nhà TÙNG LÂM TOWER nằm trên đường Núi Thành, quân Hải Châu. Là tuyến đường chuyên kinh doanh nội thất và các hàng quán. Đây cũng là một trong những tuyến đường tập trung nhiều ngân hàng nhất Đà Nẵng.\n- Tòa nhà TÙNG LÂM TOWER do công ty Cổ Phần Tùng Lâm là chủ đầu tư và xây dựng. Với 16 năm hoạt động trong lĩnh vực thiết kế, TÙNG LÂM TOWER có đầy đủ các yếu tố để mang đến những trải nghiệm văn phòng tốt nhất khi khách hàng làm việc tại đây.\n- Với diện tích sử dụng mỗi sàn 215 m2, TÙNG LÂM TOWER ưu tiên các đơn vị thuê nguyên sàn. Tuy nhiên, tòa nhà vẫn có thêm 2 phương án thuê nhỏ hơn để khách hàng có thể lựa chọn diện tích phù hợp cho công ty của mình là 90 m2 và 125 m2. Bên cạnh đó, TÙNG LÂM cũng hỗ trợ giá cho gói thi công thiết kế văn phòng khi khách hàng thuê văn phòng tại tòa nhà.\n🔹 2. Kết cấu văn phòng cho thuê quận Hải Châu Toà nhà TÙNG LÂM TOWER\n- Kết cấu: 11 tầng nổi, 1 tầng hầm\n- Diện tích mỗi sàn: 300 m2\n- Diện tích cho thuê: 90 – 125 – 215 m2\n- Khu vực giữ xe: Tầng hầm + Bãi bên cạnh\n- Số thang máy: 2 thang\n🔹 3. Các chi phí Khách thuê phải trả tại Toà nhà TÙNG LÂM TOWER\n\n📞 Liên hệ xem văn phòng: 0935723727 (Nguyễn Ngọc Thiên Bình)","$ 12,0 / m2",125,"Núi Thành, Hải Châu, Đà Nẵng",Hải Châu,Nguyễn Ngọc Thiên Bình,0935723727,,https://officedanang.vn/property/toa-nha-tung-lam-tower/,False
"Cho thuê văn phòng trống 140m2 cực đẹp ở tòa nhà TÙNG LÂM TOWER, Hải Châu",Văn phòng,"🌟 CHO THUÊ VĂN PHÒNG ĐẸP TẠI TÒA NHÀ TÙNG LÂM TOWER 🌟\n\n📍 Địa chỉ: Núi Thành, Hải Châu, Đà Nẵng\n📐 Diện tích cho thuê: 140 m2 (trống suốt, ánh sáng tự nhiên tốt)\n💵 Giá thuê ưu đãi: $ 12,0 / m2/tháng\n💼 Phù hợp cho văn phòng đại diện, quy mô doanh nghiệp vừa và nhỏ.\n\n🔹 THÔNG TIN CHI TIẾT TÒA NHÀ:\n🔹 THÔNG TIN CHI TIẾT TOÀ NHÀ TÙNG LÂM TOWER\n🔹 1. Mô tả văn phòng cho thuê quận Hải Châu Toà nhà TÙNG LÂM TOWER\n- Toà nhà văn phòng cho thuê quận Hải Châu – Toà nhà TÙNG LÂM TOWER nằm trên đường Núi Thành, quân Hải Châu. Là tuyến đường chuyên kinh doanh nội thất và các hàng quán. Đây cũng là một trong những tuyến đường tập trung nhiều ngân hàng nhất Đà Nẵng.\n- Tòa nhà TÙNG LÂM TOWER do công ty Cổ Phần Tùng Lâm là chủ đầu tư và xây dựng. Với 16 năm hoạt động trong lĩnh vực thiết kế, TÙNG LÂM TOWER có đầy đủ các yếu tố để mang đến những trải nghiệm văn phòng tốt nhất khi khách hàng làm việc tại đây.\n- Với diện tích sử dụng mỗi sàn 215 m2, TÙNG LÂM TOWER ưu tiên các đơn vị thuê nguyên sàn. Tuy nhiên, tòa nhà vẫn có thêm 2 phương án thuê nhỏ hơn để khách hàng có thể lựa chọn diện tích phù hợp cho công ty của mình là 90 m2 và 125 m2. Bên cạnh đó, TÙNG LÂM cũng hỗ trợ giá cho gói thi công thiết kế văn phòng khi khách hàng thuê văn phòng tại tòa nhà.\n🔹 2. Kết cấu văn phòng cho thuê quận Hải Châu Toà nhà TÙNG LÂM TOWER\n- Kết cấu: 11 tầng nổi, 1 tầng hầm\n- Diện tích mỗi sàn: 300 m2\n- Diện tích cho thuê: 90 – 125 – 215 m2\n- Khu vực giữ xe: Tầng hầm + Bãi bên cạnh\n- Số thang máy: 2 thang\n🔹 3. Các chi phí Khách thuê phải trả tại Toà nhà TÙNG LÂM TOWER\n\n📞 Liên hệ xem văn phòng: 0935723727 (Nguyễn Ngọc Thiên Bình)","$ 12,0 / m2",140,"Núi Thành, Hải Châu, Đà Nẵng",Hải Châu,Nguyễn Ngọc Thiên Bình,0935723727,,https://officedanang.vn/property/toa-nha-tung-lam-tower/,False
"Cho thuê văn phòng 10211m2 tại TÙNG LÂM TOWER - Quận Hải Châu, Đà Nẵng",Văn phòng,"🌟 CHO THUÊ VĂN PHÒNG ĐẸP TẠI TÒA NHÀ TÙNG LÂM TOWER 🌟\n\n📍 Địa chỉ: Núi Thành, Hải Châu, Đà Nẵng\n📐 Diện tích cho thuê: 10211 m2 (trống suốt, ánh sáng tự nhiên tốt)\n💵 Giá thuê ưu đãi: $ 12,0 / m2/tháng\n💼 Phù hợp cho văn phòng đại diện, quy mô doanh nghiệp vừa và nhỏ.\n\n🔹 THÔNG TIN CHI TIẾT TÒA NHÀ:\n🔹 THÔNG TIN CHI TIẾT TOÀ NHÀ TÙNG LÂM TOWER\n🔹 1. Mô tả văn phòng cho thuê quận Hải Châu Toà nhà TÙNG LÂM TOWER\n- Toà nhà văn phòng cho thuê quận Hải Châu – Toà nhà TÙNG LÂM TOWER nằm trên đường Núi Thành, quân Hải Châu. Là tuyến đường chuyên kinh doanh nội thất và các hàng quán. Đây cũng là một trong những tuyến đường tập trung nhiều ngân hàng nhất Đà Nẵng.\n- Tòa nhà TÙNG LÂM TOWER do công ty Cổ Phần Tùng Lâm là chủ đầu tư và xây dựng. Với 16 năm hoạt động trong lĩnh vực thiết kế, TÙNG LÂM TOWER có đầy đủ các yếu tố để mang đến những trải nghiệm văn phòng tốt nhất khi khách hàng làm việc tại đây.\n- Với diện tích sử dụng mỗi sàn 215 m2, TÙNG LÂM TOWER ưu tiên các đơn vị thuê nguyên sàn. Tuy nhiên, tòa nhà vẫn có thêm 2 phương án thuê nhỏ hơn để khách hàng có thể lựa chọn diện tích phù hợp cho công ty của mình là 90 m2 và 125 m2. Bên cạnh đó, TÙNG LÂM cũng hỗ trợ giá cho gói thi công thiết kế văn phòng khi khách hàng thuê văn phòng tại tòa nhà.\n🔹 2. Kết cấu văn phòng cho thuê quận Hải Châu Toà nhà TÙNG LÂM TOWER\n- Kết cấu: 11 tầng nổi, 1 tầng hầm\n- Diện tích mỗi sàn: 300 m2\n- Diện tích cho thuê: 90 – 125 – 215 m2\n- Khu vực giữ xe: Tầng hầm + Bãi bên cạnh\n- Số thang máy: 2 thang\n🔹 3. Các chi phí Khách thuê phải trả tại Toà nhà TÙNG LÂM TOWER\n\n📞 Liên hệ xem văn phòng: 0935723727 (Nguyễn Ngọc Thiên Bình)","$ 12,0 / m2",10211,"Núi Thành, Hải Châu, Đà Nẵng",Hải Châu,Nguyễn Ngọc Thiên Bình,0935723727,,https://officedanang.vn/property/toa-nha-tung-lam-tower/,False
Văn phòng làm việc 9712m2 cho thuê tại KIM KHÍ MIỀN TRUNG Quận Hải Châu,Văn phòng,"🌟 CHO THUÊ VĂN PHÒNG ĐẸP TẠI TÒA NHÀ KIM KHÍ MIỀN TRUNG 🌟\n\n📍 Địa chỉ: Tòa nhà Kim Sơn, 16 - 18 Phan Thành Tài, P. Bình Thuận, Q.Hải Châu, Tp. Đà Nẵng\n📐 Diện tích cho thuê: 9712 m2 (trống suốt, ánh sáng tự nhiên tốt)\n💵 Giá thuê ưu đãi: $ 12,0 / m2/tháng\n💼 Phù hợp cho văn phòng đại diện, quy mô doanh nghiệp vừa và nhỏ.\n\n🔹 THÔNG TIN CHI TIẾT TÒA NHÀ:\n🔹 THÔNG TIN CHI TIẾT TOÀ NHÀ KIM KHÍ MIỀN TRUNG\n“Toà nhà nằm trong khu vực các toà nhà văn phòng gần trung tâm hành chính Đà Nẵng”\n🔹 1. Mô tả văn phòng cho thuê quận Hải Châu Toà nhà KIM KHÍ MIỀN TRUNG\n- Toà nhà văn phòng gần trung tâm hành chính – Toà nhà KIM KHÍ MIỀN TRUNG nằm trên trục đường Quang Trung ở đoạn nhộn nhịp nhất của cả con đường với rất nhiều quán ăn uống, cửa hàng tiện lợi,… Và đặc biệt là các quán cà phê lớn nhỏ tập trung cho giới văn phòng, kinh doanh ở khu vực xung quanh toà nhà KIM KHÍ MIỀN TRUNG\n- Toà nhà được xây dựng vừa dùng là nơi đặt trụ sở chính của Công ty Cổ phần Kim Khí Miền Trung, vừa là khu vực cho thuê làm văn phòng cho các đối tác, khách hàng quan tâm. Vì vậy chất lượng toà nhà so với giá thuê là rất ổn so với mặt bằng chung.\n- Vì không có tầng hầm nền toà nhà đã đầu tư một nhà để xe 3 tầng riêng phục vụ cho việc đậu đỗ xe của nhân viên và khách thuê.\n🔹 2. Kết cấu văn phòng cho thuê quận Hải Châu toà nhà KIM KHÍ MIỀN TRUNG\n- Diện tích sử dụng cho thuê văn phòng: 250m2\n- Khu vực để xe: Nhà để xe 3 tầng\n- Số thang máy: 2 thang\n🔹 3. Chi phí thuê văn phòng cho thuê quận Hải Châu toà nhà KIM KHÍ MIỀN TRUNG\n- Tiền thuê: USD 12 / m2 / tháng\n\n📞 Liên hệ xem văn phòng: 0935723727 (Nguyễn Ngọc Thiên Bình)","$ 12,0 / m2",9712,"Tòa nhà Kim Sơn, 16 - 18 Phan Thành Tài, P. Bình Thuận, Q.Hải Châu, Tp. Đà Nẵng",Hải Châu,Nguyễn Ngọc Thiên Bình,0935723727,,https://officedanang.vn/property/toa-nha-kim-khi-mien-trung/,False
"Cho thuê văn phòng trống 110m2 cực đẹp ở tòa nhà PHI LONG TECHNOLOGY, Hải Châu",Văn phòng,"🌟 CHO THUÊ VĂN PHÒNG ĐẸP TẠI TÒA NHÀ PHI LONG TECHNOLOGY 🌟\n\n📍 Địa chỉ: Nguyễn Văn Linh, Nam Dương, Hải Châu, Đà Nẵng\n📐 Diện tích cho thuê: 110 m2 (trống suốt, ánh sáng tự nhiên tốt)\n💵 Giá thuê ưu đãi: 419.200 / m2/tháng\n💼 Phù hợp cho văn phòng đại diện, quy mô doanh nghiệp vừa và nhỏ.\n\n🔹 THÔNG TIN CHI TIẾT TÒA NHÀ:\n🔹 THÔNG TIN CHI TIẾT TOÀ NHÀ PHI LONG TECHNOLOGY\n“Một trong những toà nhà với công nghệ quản lý vận hành hiện đại bậc nhất Đà Nẵng”\n🔹 1. Mô tả văn phòng cho thuê quận Hải Châu Toà nhà Phi Long Technology\n- Toà nhà văn phòng cho thuê quận Hải Châu – Toà nhà Phi Long Technology nằm trên trục đường tài chính Nguyễn Văn Linh của thành phố Đà Nẵng, đây cũng là khu vực tập trung nhiều các toà nhà văn phòng lớn, các ngân hàng lớn.\n- Cư dân đông đúc, gần nhiều hàng quán cafe, quán ăn,…\n- Toà nhà có kết hợp một phần trung tâm thương mại về công nghệ và thiết bị công nghệ tại tầng 1 nên tạo ra một sinh khí nhộn nhịp và năng động cho các khách hàng khi mới bước vào toà nhà, rất phù hợp với các công ty với nhân sự trẻ trung, năng động và thiên hướng về công nghệ.\n- Với lối thiết kế đặc biệt phủ cây xanh xung quanh toà nhà, tạo ra không gian xanh rất đặc trưng cho toà nhà văn phòng cho thuê Phi Long Technology\n🔹 2. Kết cấu văn phòng cho thuê quận Hải Châu Toà nhà Phi Long Technology\n- Kết cấu toà nhà: 17 tầng nổi, 1 tầng hầm\n- Diện tích sàn: 1000m2 và nhỏ dần khi lên các tầng cao\n- Khu vực đậu xe: 1 tầng hầm và bãi đậu xe phía trước toà nhà\n- Số thang máy: 3 thang chính, 1 thang phụ chở hàng\n\n📞 Liên hệ xem văn phòng: 0935723727 (Nguyễn Ngọc Thiên Bình)",46112000,110,"Nguyễn Văn Linh, Nam Dương, Hải Châu, Đà Nẵng",Hải Châu,Nguyễn Ngọc Thiên Bình,0935723727,,https://officedanang.vn/property/toa-nha-phi-long-technology/,False
"Văn phòng cho thuê 265m2 tại tòa nhà PHI LONG TECHNOLOGY, Hải Châu",Văn phòng,"🌟 CHO THUÊ VĂN PHÒNG ĐẸP TẠI TÒA NHÀ PHI LONG TECHNOLOGY 🌟\n\n📍 Địa chỉ: Nguyễn Văn Linh, Nam Dương, Hải Châu, Đà Nẵng\n📐 Diện tích cho thuê: 265 m2 (trống suốt, ánh sáng tự nhiên tốt)\n💵 Giá thuê ưu đãi: 419.200 đ / m2/tháng\n💼 Phù hợp cho văn phòng đại diện, quy mô doanh nghiệp vừa và nhỏ.\n\n🔹 THÔNG TIN CHI TIẾT TÒA NHÀ:\n🔹 THÔNG TIN CHI TIẾT TOÀ NHÀ PHI LONG TECHNOLOGY\n“Một trong những toà nhà với công nghệ quản lý vận hành hiện đại bậc nhất Đà Nẵng”\n🔹 1. Mô tả văn phòng cho thuê quận Hải Châu Toà nhà Phi Long Technology\n- Toà nhà văn phòng cho thuê quận Hải Châu – Toà nhà Phi Long Technology nằm trên trục đường tài chính Nguyễn Văn Linh của thành phố Đà Nẵng, đây cũng là khu vực tập trung nhiều các toà nhà văn phòng lớn, các ngân hàng lớn.\n- Cư dân đông đúc, gần nhiều hàng quán cafe, quán ăn,…\n- Toà nhà có kết hợp một phần trung tâm thương mại về công nghệ và thiết bị công nghệ tại tầng 1 nên tạo ra một sinh khí nhộn nhịp và năng động cho các khách hàng khi mới bước vào toà nhà, rất phù hợp với các công ty với nhân sự trẻ trung, năng động và thiên hướng về công nghệ.\n- Với lối thiết kế đặc biệt phủ cây xanh xung quanh toà nhà, tạo ra không gian xanh rất đặc trưng cho toà nhà văn phòng cho thuê Phi Long Technology\n🔹 2. Kết cấu văn phòng cho thuê quận Hải Châu Toà nhà Phi Long Technology\n- Kết cấu toà nhà: 17 tầng nổi, 1 tầng hầm\n- Diện tích sàn: 1000m2 và nhỏ dần khi lên các tầng cao\n- Khu vực đậu xe: 1 tầng hầm và bãi đậu xe phía trước toà nhà\n- Số thang máy: 3 thang chính, 1 thang phụ chở hàng\n\n📞 Liên hệ xem văn phòng: 0935723727 (Nguyễn Ngọc Thiên Bình)",111088000,265,"Nguyễn Văn Linh, Nam Dương, Hải Châu, Đà Nẵng",Hải Châu,Nguyễn Ngọc Thiên Bình,0935723727,,https://officedanang.vn/property/toa-nha-phi-long-technology/,False
Cho thuê diện tích văn phòng 9624m2 tại PHI LONG TECHNOLOGY Hải Châu,Văn phòng,"🌟 CHO THUÊ VĂN PHÒNG ĐẸP TẠI TÒA NHÀ PHI LONG TECHNOLOGY 🌟\n\n📍 Địa chỉ: Nguyễn Văn Linh, Nam Dương, Hải Châu, Đà Nẵng\n📐 Diện tích cho thuê: 9624 m2 (trống suốt, ánh sáng tự nhiên tốt)\n💵 Giá thuê ưu đãi: $ 18,0 / m2/tháng\n💼 Phù hợp cho văn phòng đại diện, quy mô doanh nghiệp vừa và nhỏ.\n\n🔹 THÔNG TIN CHI TIẾT TÒA NHÀ:\n🔹 THÔNG TIN CHI TIẾT TOÀ NHÀ PHI LONG TECHNOLOGY\n“Một trong những toà nhà với công nghệ quản lý vận hành hiện đại bậc nhất Đà Nẵng”\n🔹 1. Mô tả văn phòng cho thuê quận Hải Châu Toà nhà Phi Long Technology\n- Toà nhà văn phòng cho thuê quận Hải Châu – Toà nhà Phi Long Technology nằm trên trục đường tài chính Nguyễn Văn Linh của thành phố Đà Nẵng, đây cũng là khu vực tập trung nhiều các toà nhà văn phòng lớn, các ngân hàng lớn.\n- Cư dân đông đúc, gần nhiều hàng quán cafe, quán ăn,…\n- Toà nhà có kết hợp một phần trung tâm thương mại về công nghệ và thiết bị công nghệ tại tầng 1 nên tạo ra một sinh khí nhộn nhịp và năng động cho các khách hàng khi mới bước vào toà nhà, rất phù hợp với các công ty với nhân sự trẻ trung, năng động và thiên hướng về công nghệ.\n- Với lối thiết kế đặc biệt phủ cây xanh xung quanh toà nhà, tạo ra không gian xanh rất đặc trưng cho toà nhà văn phòng cho thuê Phi Long Technology\n🔹 2. Kết cấu văn phòng cho thuê quận Hải Châu Toà nhà Phi Long Technology\n- Kết cấu toà nhà: 17 tầng nổi, 1 tầng hầm\n- Diện tích sàn: 1000m2 và nhỏ dần khi lên các tầng cao\n- Khu vực đậu xe: 1 tầng hầm và bãi đậu xe phía trước toà nhà\n- Số thang máy: 3 thang chính, 1 thang phụ chở hàng\n\n📞 Liên hệ xem văn phòng: 0935723727 (Nguyễn Ngọc Thiên Bình)","$ 18,0 / m2",9624,"Nguyễn Văn Linh, Nam Dương, Hải Châu, Đà Nẵng",Hải Châu,Nguyễn Ngọc Thiên Bình,0935723727,,https://officedanang.vn/property/toa-nha-phi-long-technology/,False
Văn phòng làm việc 2m2 cho thuê tại CÔNG TY XÂY DỰNG 2.9 Quận Hải Châu,Văn phòng,"🌟 CHO THUÊ VĂN PHÒNG ĐẸP TẠI TÒA NHÀ CÔNG TY XÂY DỰNG 2.9 🌟\n\n📍 Địa chỉ: Xô Viết Nghệ Tĩnh, Hoà Cường Nam, Hải Châu, Đà Nẵng\n📐 Diện tích cho thuê: 200 m2 (trống suốt, ánh sáng tự nhiên tốt)\n💵 Giá thuê ưu đãi: 183.400 / m2/tháng\n💼 Phù hợp cho văn phòng đại diện, quy mô doanh nghiệp vừa và nhỏ.\n\n🔹 THÔNG TIN CHI TIẾT TÒA NHÀ:\n🔹 THÔNG TIN CHI TIẾT TOÀ NHÀ CÔNG TY XÂY DỰNG 2.9\n🔹 1. Mô tả văn phòng cho thuê quận Cẩm Lệ – Toà nhà CÔNG TY XÂY DỰNG 2.9\n- Toà nhà văn phòng cho thuê quận Cẩm Lệ – Toà nhà CÔNG TY XÂY DỰNG 2.9 nằm trên đường Xô Viết Nghệ Tĩnh, là một trong những tuyến đường tập trung nhiều tòa nhà cho thuê văn phòng nhất Đà Nẵng.\n- Tòa nhà do CÔNG TY XÂY DỰNG 2.9 làm chủ đầu tư và xây dựng. Với thiết kế 7 tầng để cho thuê văn phòng, toà nhà cũng đã được tân trang và làm mới để phục vụ các khách thuê có nhu cầu.\n- Toà nhà có chính sách về làm thêm ngoài giờ và để xe thoải mái, rất thích hợp để cho các công ty IT, Bảo hiểm\n🔹 2. Kết cấu văn phòng cho thuê quận Cẩm Lệ – Toà nhà CÔNG TY XÂY DỰNG 2.9\n- Diện tích sàn: Khoảng 300m2\n- Diện tích sử dụng: 220 m2 mỗi tầng\n- Bãi giữ xe: Tầng trệt toà nhà và 2 vỉa hè mặt trước và sau\n- Số thang máy: 1 thang\nToà nhà Công ty Xây dựng 2/9\n\n📞 Liên hệ xem văn phòng: 0935.723.727 (Nguyễn Ngọc Thiên Bình)",366800,2,"Xô Viết Nghệ Tĩnh, Hoà Cường Nam, Hải Châu, Đà Nẵng",Hải Châu,Nguyễn Ngọc Thiên Bình,0935723727,,https://officedanang.vn/property/toa-nha-cong-ty-xay-dung-2-9/,False
"Văn phòng cho thuê 550000m2 tại tòa nhà BIDV BANK, Hải Châu",Văn phòng,"🌟 CHO THUÊ VĂN PHÒNG ĐẸP TẠI TÒA NHÀ BIDV BANK 🌟\n\n📍 Địa chỉ: Nguyễn Chí Thanh, Hải Châu, Đà Nẵng 550000, Việt Nam\n📐 Diện tích cho thuê: 550000 m2 (trống suốt, ánh sáng tự nhiên tốt)\n💵 Giá thuê ưu đãi: Thỏa thuận/tháng\n💼 Phù hợp cho văn phòng đại diện, quy mô doanh nghiệp vừa và nhỏ.\n\n🔹 THÔNG TIN CHI TIẾT TÒA NHÀ:\n🔹 THÔNG TIN CHI TIẾT TOÀ NHÀ BIDV BANK\n“Tòa nhà văn phòng mới thuộc khối Ngân hàng tại Đà Nẵng ngoài các toà Vietinbank, PV Combank”\n🔹 1. Mô tả văn phòng cho thuê quận Hải Châu Toà nhà BIDV BANK\n- Toà nhà văn phòng cho thuê quận Hải Châu – Toà nhà BIDV BANK đang trong quá trình xây dựng\n- Là tòa nhà văn phòng cho thuê được quản lý bởi ngân hàng BIDV.\n🔹 2. Kết cấu Toà nhà BIDV BANK\n- Kết cấu: 19 tầng nổi, 4 tầng hầm\n- Tổng diện tích sàn: 25.710 m2\n- Diện tích cho thuê: đang cập nhật\n🔹 3. Các chi phí Khách thuê phải trả tại Toà nhà BIDV BANK\n- Tiền thuê văn phòng: Đang cập nhật\n- Phí dịch vụ: Đang cập nhật\n\n📞 Liên hệ xem văn phòng: 0935723727 (Nguyễn Ngọc Thiên Bình)",Thỏa thuận,550000,"Nguyễn Chí Thanh, Hải Châu, Đà Nẵng 550000, Việt Nam",Hải Châu,Nguyễn Ngọc Thiên Bình,0935723727,,https://officedanang.vn/property/toa-nha-bidv-bank-da-nang/,False
"Cho thuê văn phòng trống 1505m2 cực đẹp ở tòa nhà SHB Cần Thơ, Hải Châu",Văn phòng,"🌟 CHO THUÊ VĂN PHÒNG ĐẸP TẠI TÒA NHÀ SHB CẦN THƠ 🌟\n\n📍 Địa chỉ: Đại Lộ Hoà Bình, Tân An, Ninh Kiều, Cần Thơ\n📐 Diện tích cho thuê: 1505 m2 (trống suốt, ánh sáng tự nhiên tốt)\n💵 Giá thuê ưu đãi: Giá từ $ 11,0 / m2/tháng\n💼 Phù hợp cho văn phòng đại diện, quy mô doanh nghiệp vừa và nhỏ.\n\n🔹 THÔNG TIN CHI TIẾT TÒA NHÀ:\n🔹 THÔNG TIN CHI TIẾT TOÀ NHÀ SHB Cần Thơ\n“Toà nhà văn phòng cho thuê mới trên Đại Lộ Hoà Bình”\n🔹 1. Mô tả toà nhà SHB Cần Thơ\n- Toà nhà văn phòng cho thuê quận Ninh Kiều – Toà nhà SHB Cần Thơ nằm trên Đại Lộ Hoà Bình, tuyến đường chính của quận Ninh Kiều, thành phố Cần Thơ.\n- Toà nhà SHB Cần Thơ được xây dựng bởi Công ty Cổ phần Đầu Tư Xây Dựng số 14 và do chính Ngân hàng Thương mại Sài Gòn – Hà Nội là chủ đầu tư. Toà nhà được xây dựng với tổng diện tích xây dựng là 4.4,848 m2, quy mô 17 tầng nổi, 1 tầng hầm nằm tại số 16 – 18 Đại Lộ Hoà Bình, Phường Tân An, Quận Ninh Kiều, Thành phố Cần Thơ.\n- Diện tích sử dụng mỗi sàn là 223 m2, có thể được chia đôi thành 2 diện tích nhỏ hơn là 109,5 m2 và 107,5 m2 để phù hợp với các đơn vị không cần diện tích thuê quá lớn.\n🔹 2. Kết cấu toà nhà SHB Cần Thơ\n- Kết cấu: 17 tầng nổi, 1 tầng hầm\n- Diện tích sàn: Khoảng 330 m2\n- Diện tích sử dụng: 223 m2 mỗi sàn\n- Khu vực đậu xe: 1 tầng hầm\n- Số thang máy: 2 thang máy\n\n📞 Liên hệ xem văn phòng: 0935723727 (Nguyễn Ngọc Thiên Bình)","Giá từ $ 11,0 / m2",1505,"Đại Lộ Hoà Bình, Tân An, Ninh Kiều, Cần Thơ",Hải Châu,Nguyễn Ngọc Thiên Bình,0935723727,,https://officedanang.vn/property/toa-nha-shb-can-tho/,False
"Văn phòng cho thuê 222m2 tại tòa nhà 222 NGUYỄN HỮU THỌ, Hải Châu",Văn phòng,"🌟 CHO THUÊ VĂN PHÒNG ĐẸP TẠI TÒA NHÀ 222 NGUYỄN HỮU THỌ 🌟\n\n📍 Địa chỉ: 222 Nguyễn Hữu Thọ\n📐 Diện tích cho thuê: 222 m2 (trống suốt, ánh sáng tự nhiên tốt)\n💵 Giá thuê ưu đãi: Thỏa thuận/tháng\n💼 Phù hợp cho văn phòng đại diện, quy mô doanh nghiệp vừa và nhỏ.\n\n🔹 THÔNG TIN CHI TIẾT TÒA NHÀ:\n🔹 THÔNG TIN CHI TIẾT TOÀ NHÀ 222 NGUYỄN HỮU THỌ ĐÀ NẴNG\n🔹 1. Mô tả văn phòng cho thuê quận Hải Châu – Toà nhà 222 Nguyễn Hữu Thọ Đà Nẵng\n- Toà nhà văn phòng cho thuê quận Hải Châu – Toà nhà 222 Nguyễn Hữu Thọ Đà Nẵng nằm ở đường Nguyễn Hữu Thọ, một tuyến đường có nhiều toà nhà văn phòng trải dọc suốt cung đường.\n- Tòa nhà 222 Nguyễn Hữu Thọ là toà nhà văn phòng được sửa chữa lại năm 2022 biến đổi công năng thành toà nhà văn phòng cho thuê\n🔹 2. Kết cấu văn phòng cho thuê toà nhà 222 Nguyễn Hữu Thọ\n- Kết cấu: 7 tầng nổi, 1 tầng hầm\n- Diện tích mỗi sàn: 350 m2\n- Diện tích cho thuê: 280 m2 / sàn\n- Khu vực giữ xe: Tầng hầm\n- Số thang máy: 1 thang\n🔹 3. Các chi phí Khách thuê phải trả tại toà nhà 222 Nguyễn Hữu Thọ\n- Tiền thuê văn phòng: từ 12 USD / m2 / tháng\n\n📞 Liên hệ xem văn phòng: 0935723727 (Nguyễn Ngọc Thiên Bình)",Thỏa thuận,222,222 Nguyễn Hữu Thọ,Hải Châu,Nguyễn Ngọc Thiên Bình,0935723727,,https://officedanang.vn/property/toa-nha-222-nguyen-huu-tho/,False
"Văn phòng cho thuê 280m2 tại tòa nhà 222 NGUYỄN HỮU THỌ, Hải Châu",Văn phòng,"🌟 CHO THUÊ VĂN PHÒNG ĐẸP TẠI TÒA NHÀ 222 NGUYỄN HỮU THỌ 🌟\n\n📍 Địa chỉ: 222 Nguyễn Hữu Thọ\n📐 Diện tích cho thuê: 280 m2 (trống suốt, ánh sáng tự nhiên tốt)\n💵 Giá thuê ưu đãi: Thỏa thuận/tháng\n💼 Phù hợp cho văn phòng đại diện, quy mô doanh nghiệp vừa và nhỏ.\n\n🔹 THÔNG TIN CHI TIẾT TÒA NHÀ:\n🔹 THÔNG TIN CHI TIẾT TOÀ NHÀ 222 NGUYỄN HỮU THỌ ĐÀ NẴNG\n🔹 1. Mô tả văn phòng cho thuê quận Hải Châu – Toà nhà 222 Nguyễn Hữu Thọ Đà Nẵng\n- Toà nhà văn phòng cho thuê quận Hải Châu – Toà nhà 222 Nguyễn Hữu Thọ Đà Nẵng nằm ở đường Nguyễn Hữu Thọ, một tuyến đường có nhiều toà nhà văn phòng trải dọc suốt cung đường.\n- Tòa nhà 222 Nguyễn Hữu Thọ là toà nhà văn phòng được sửa chữa lại năm 2022 biến đổi công năng thành toà nhà văn phòng cho thuê\n🔹 2. Kết cấu văn phòng cho thuê toà nhà 222 Nguyễn Hữu Thọ\n- Kết cấu: 7 tầng nổi, 1 tầng hầm\n- Diện tích mỗi sàn: 350 m2\n- Diện tích cho thuê: 280 m2 / sàn\n- Khu vực giữ xe: Tầng hầm\n- Số thang máy: 1 thang\n🔹 3. Các chi phí Khách thuê phải trả tại toà nhà 222 Nguyễn Hữu Thọ\n- Tiền thuê văn phòng: từ 12 USD / m2 / tháng\n\n📞 Liên hệ xem văn phòng: 0935723727 (Nguyễn Ngọc Thiên Bình)",Thỏa thuận,280,222 Nguyễn Hữu Thọ,Hải Châu,Nguyễn Ngọc Thiên Bình,0935723727,,https://officedanang.vn/property/toa-nha-222-nguyen-huu-tho/,False
Cho thuê diện tích văn phòng 5m2 tại CIENCO 5 Hải Châu,Văn phòng,"🌟 CHO THUÊ VĂN PHÒNG ĐẸP TẠI TÒA NHÀ CIENCO 5 🌟\n\n📍 Địa chỉ: Tòa nhà Kim Sơn, 16 - 18 Phan Thành Tài, P. Bình Thuận, Q.Hải Châu, Tp. Đà Nẵng\n📐 Diện tích cho thuê: 5 m2 (trống suốt, ánh sáng tự nhiên tốt)\n💵 Giá thuê ưu đãi: Giá từ $ 8,0 / m2/tháng\n💼 Phù hợp cho văn phòng đại diện, quy mô doanh nghiệp vừa và nhỏ.\n\n🔹 THÔNG TIN CHI TIẾT TÒA NHÀ:\n🔹 THÔNG TIN CHI TIẾT TOÀ NHÀ CIENCO 5\n🔹 1. Mô tả văn phòng cho thuê quận Hải Châu Toà nhà CIENCO 5\n- Toà nhà văn phòng cho thuê quận Hải Châu Đà Nẵng – Toà nhà CIENCO 5 nằm trên trục đường Nguyễn Du, khu vực an ninh, gần các đơn vị hành chính của thành phố.\n- Có nhiều quán coffee, quán ăn gần vị trí tòa nhà CIENCO 5.\n- Tòa nhà sử dụng 4 thang máy với sức chứa mỗi thang tối đa là 11 người, đảm bảo việc di chuyển giữa các tầng được nhanh chóng.\n- Chủ nhà thân thiện, mọi vấn đề đều có thể thỏa thuận để hai bên có thể dễ dàng đi đến quyết định. Tòa nhà văn phòng giá rẻ này rất phù hợp cho các doanh nghiệp muốn giảm chi phí thuê.\n🔹 2. Kết cấu văn phòng cho thuê quận Hải Châu Toà nhà CIENCO 5\n- Số tầng toà nhà : 14 tầng\n- Khu vực để xe: 1 phần tầng trệt\n- Số thang máy: 4 thang\n🔹 3. Các chi phí Khách Thuê phải trả tại toà nhà CIENCO 5\n- Tiền thuê: Từ 8.2 USD /m2/tháng đến 11 USD/m2/tháng\n\n📞 Liên hệ xem văn phòng: 0935723727 (Nguyễn Ngọc Thiên Bình)","Giá từ $ 8,0 / m2",5,"Tòa nhà Kim Sơn, 16 - 18 Phan Thành Tài, P. Bình Thuận, Q.Hải Châu, Tp. Đà Nẵng",Hải Châu,Nguyễn Ngọc Thiên Bình,0935723727,,https://officedanang.vn/property/toa-nha-cienco-5-van-phong-cho-thue/,False
"Văn phòng cho thuê 80m2 tại tòa nhà CIENCO 5, Hải Châu",Văn phòng,"🌟 CHO THUÊ VĂN PHÒNG ĐẸP TẠI TÒA NHÀ CIENCO 5 🌟\n\n📍 Địa chỉ: Tòa nhà Kim Sơn, 16 - 18 Phan Thành Tài, P. Bình Thuận, Q.Hải Châu, Tp. Đà Nẵng\n📐 Diện tích cho thuê: 80 m2 (trống suốt, ánh sáng tự nhiên tốt)\n💵 Giá thuê ưu đãi: Giá từ $ 8,0 / m2/tháng\n💼 Phù hợp cho văn phòng đại diện, quy mô doanh nghiệp vừa và nhỏ.\n\n🔹 THÔNG TIN CHI TIẾT TÒA NHÀ:\n🔹 THÔNG TIN CHI TIẾT TOÀ NHÀ CIENCO 5\n🔹 1. Mô tả văn phòng cho thuê quận Hải Châu Toà nhà CIENCO 5\n- Toà nhà văn phòng cho thuê quận Hải Châu Đà Nẵng – Toà nhà CIENCO 5 nằm trên trục đường Nguyễn Du, khu vực an ninh, gần các đơn vị hành chính của thành phố.\n- Có nhiều quán coffee, quán ăn gần vị trí tòa nhà CIENCO 5.\n- Tòa nhà sử dụng 4 thang máy với sức chứa mỗi thang tối đa là 11 người, đảm bảo việc di chuyển giữa các tầng được nhanh chóng.\n- Chủ nhà thân thiện, mọi vấn đề đều có thể thỏa thuận để hai bên có thể dễ dàng đi đến quyết định. Tòa nhà văn phòng giá rẻ này rất phù hợp cho các doanh nghiệp muốn giảm chi phí thuê.\n🔹 2. Kết cấu văn phòng cho thuê quận Hải Châu Toà nhà CIENCO 5\n- Số tầng toà nhà : 14 tầng\n- Khu vực để xe: 1 phần tầng trệt\n- Số thang máy: 4 thang\n🔹 3. Các chi phí Khách Thuê phải trả tại toà nhà CIENCO 5\n- Tiền thuê: Từ 8.2 USD /m2/tháng đến 11 USD/m2/tháng\n\n📞 Liên hệ xem văn phòng: 0935723727 (Nguyễn Ngọc Thiên Bình)","Giá từ $ 8,0 / m2",80,"Tòa nhà Kim Sơn, 16 - 18 Phan Thành Tài, P. Bình Thuận, Q.Hải Châu, Tp. Đà Nẵng",Hải Châu,Nguyễn Ngọc Thiên Bình,0935723727,,https://officedanang.vn/property/toa-nha-cienco-5-van-phong-cho-thue/,False
Cho thuê diện tích văn phòng 180m2 tại CIENCO 5 Hải Châu,Văn phòng,"🌟 CHO THUÊ VĂN PHÒNG ĐẸP TẠI TÒA NHÀ CIENCO 5 🌟\n\n📍 Địa chỉ: Tòa nhà Kim Sơn, 16 - 18 Phan Thành Tài, P. Bình Thuận, Q.Hải Châu, Tp. Đà Nẵng\n📐 Diện tích cho thuê: 180 m2 (trống suốt, ánh sáng tự nhiên tốt)\n💵 Giá thuê ưu đãi: Giá từ $ 8,0 / m2/tháng\n💼 Phù hợp cho văn phòng đại diện, quy mô doanh nghiệp vừa và nhỏ.\n\n🔹 THÔNG TIN CHI TIẾT TÒA NHÀ:\n🔹 THÔNG TIN CHI TIẾT TOÀ NHÀ CIENCO 5\n🔹 1. Mô tả văn phòng cho thuê quận Hải Châu Toà nhà CIENCO 5\n- Toà nhà văn phòng cho thuê quận Hải Châu Đà Nẵng – Toà nhà CIENCO 5 nằm trên trục đường Nguyễn Du, khu vực an ninh, gần các đơn vị hành chính của thành phố.\n- Có nhiều quán coffee, quán ăn gần vị trí tòa nhà CIENCO 5.\n- Tòa nhà sử dụng 4 thang máy với sức chứa mỗi thang tối đa là 11 người, đảm bảo việc di chuyển giữa các tầng được nhanh chóng.\n- Chủ nhà thân thiện, mọi vấn đề đều có thể thỏa thuận để hai bên có thể dễ dàng đi đến quyết định. Tòa nhà văn phòng giá rẻ này rất phù hợp cho các doanh nghiệp muốn giảm chi phí thuê.\n🔹 2. Kết cấu văn phòng cho thuê quận Hải Châu Toà nhà CIENCO 5\n- Số tầng toà nhà : 14 tầng\n- Khu vực để xe: 1 phần tầng trệt\n- Số thang máy: 4 thang\n🔹 3. Các chi phí Khách Thuê phải trả tại toà nhà CIENCO 5\n- Tiền thuê: Từ 8.2 USD /m2/tháng đến 11 USD/m2/tháng\n\n📞 Liên hệ xem văn phòng: 0935723727 (Nguyễn Ngọc Thiên Bình)","Giá từ $ 8,0 / m2",180,"Tòa nhà Kim Sơn, 16 - 18 Phan Thành Tài, P. Bình Thuận, Q.Hải Châu, Tp. Đà Nẵng",Hải Châu,Nguyễn Ngọc Thiên Bình,0935723727,,https://officedanang.vn/property/toa-nha-cienco-5-van-phong-cho-thue/,False
"Văn phòng cho thuê 170m2 tại tòa nhà RINWA BUILDING, Cẩm Lệ",Văn phòng,"🌟 CHO THUÊ VĂN PHÒNG ĐẸP TẠI TÒA NHÀ RINWA BUILDING 🌟\n\n📍 Địa chỉ: 170 Xuân thuỷ, Cẩm Lệ Đà Nẵng\n📐 Diện tích cho thuê: 170 m2 (trống suốt, ánh sáng tự nhiên tốt)\n💵 Giá thuê ưu đãi: $ 10,0 / m2/tháng\n💼 Phù hợp cho văn phòng đại diện, quy mô doanh nghiệp vừa và nhỏ.\n\n🔹 THÔNG TIN CHI TIẾT TÒA NHÀ:\n🔹 THÔNG TIN CHI TIẾT TOÀ NHÀ RINWA BUILDING\n“Tòa nhà chuẩn văn phòng cho thuê mới tại Quận Cẩm Lệ – Đà Nẵng”\n🔹 1. Mô tả văn phòng cho thuê quận Cẩm Lệ – Toà nhà RINWA BUILDING\n- Toà nhà văn phòng cho thuê quận Cẩm Lệ – Toà nhà RINWA BUILDING nằm trên đường Xuân Thuỷ, là một trong những tòa nhà mới nhất tại quận Cẩm Lệ được thiết kế theo chuẩn toà nhà văn phòng.\n- Khu vực xung quanh toà nhà rất thoáng với Công viên Thanh Niên phía đối diện tạo một không gian, view thoáng đãng. Bên cạnh đó việc di chuyển cũng khá là thuận lợi vì Xuân Thuỷ là một con đường 2 chiều rộng ở quận Cẩm Lệ\n🔹 2. Kết cấu Toà nhà RINWA BUILDING\n- Kết cấu: 8 tầng nổi, 1 tầng hầm\n- Diện tích sàn: 310 m2\n- Diện tích cho thuê: khoảng 205 m2 mỗi sàn\n- Khu vực giữ xe: Tầng hầm\n- Số thang máy: 1 thang\n🔹 3. Các chi phí Khách thuê phải trả tại Toà nhà RINWA BUILDING\n\n📞 Liên hệ xem văn phòng: 0935723727 (Nguyễn Ngọc Thiên Bình)","$ 10,0 / m2",170,"170 Xuân thuỷ, Cẩm Lệ Đà Nẵng",Cẩm Lệ,Nguyễn Ngọc Thiên Bình,0935723727,,https://officedanang.vn/property/toa-nha-rinwa-building/,False
"Văn phòng cho thuê 104m2 tại tòa nhà ĐÔNG DU, Hải Châu",Văn phòng,"🌟 CHO THUÊ VĂN PHÒNG ĐẸP TẠI TÒA NHÀ ĐÔNG DU 🌟\n\n📍 Địa chỉ: Phan Bội Châu, Thạch Thang, Đà Nẵng\n📐 Diện tích cho thuê: 104 m2 (trống suốt, ánh sáng tự nhiên tốt)\n💵 Giá thuê ưu đãi: $ 14,0 / m2/tháng\n💼 Phù hợp cho văn phòng đại diện, quy mô doanh nghiệp vừa và nhỏ.\n\n🔹 THÔNG TIN CHI TIẾT TÒA NHÀ:\n🔹 THÔNG TIN CHI TIẾT VĂN PHÒNG CHO THUÊ TÒA NHÀ ĐÔNG DU\n(ĐÃ ĐƯỢC THUÊ NGUYÊN TOÀ)\n🔹 1. Mô tả văn phòng cho thuê quận Hải Châu Toà nhà ĐÔNG DU\n- Văn phòng cho thuê quận Hải Châu – Toà nhà Đông Du nằm trên đường Phan Bội Châu, phường Thạch Thang, quận Hải Châu, thành phố Đà Nẵng. Toà nhà nằm gần Trung tâm hành chính thành phố Đà Nẵng và gần Bến du thuyền Đà Nẵng.\n- Toà nhà Đông Du với quy mô 7 tầng, diện tích sử dụng mỗi sàn tương đương 250 m2, bên cạnh đó, toà nhà còn có mặt kiệt bên cạnh, tạo khoảng không thoáng mát cho toà nhà. Diện tích sàn của toà nhà Đông Du là khoảng diện tích đang thiếu nguồn cung tại thành phố Đà Nẵng.\n- Gần toà nhà cũng có nhiều hàng quán ăn uống, đảm bảo nhu cầu của các khách hàng thuê văn phòng.\n🔹 2. Kết cấu văn phòng cho thuê quận Hải Châu toà nhà Đông Du\n- Kết cấu toà nhà: 7 tầng nổi 1 tầng hầm\n- Diện tích sàn: 300 m2\n- Khu vực đậu xe: 1 tầng hầm\n- Số thang máy: 1 thang\n🔹 3. Các chi phí Khách thuê phải trả tại văn phòng cho thuê quận Hải Châu – Toà nhà Đông Du\n- Tiền thuê văn phòng: Dự kiến USD 14/m2/tháng ( ~320.000đ/m2/tháng)\n\n📞 Liên hệ xem văn phòng: 0935723727 (Nguyễn Ngọc Thiên Bình)","$ 14,0 / m2",104,"Phan Bội Châu, Thạch Thang, Đà Nẵng",Hải Châu,Nguyễn Ngọc Thiên Bình,0935723727,,https://officedanang.vn/property/toa-nha-dong-du/,False
Cho thuê diện tích văn phòng 167m2 tại CECO 545 Cẩm Lệ,Văn phòng,"🌟 CHO THUÊ VĂN PHÒNG ĐẸP TẠI TÒA NHÀ CECO 545 🌟\n\n📍 Địa chỉ: Nguyễn Hữu Thọ, Khuê Trung, Cẩm Lệ, Đà Nẵng\n📐 Diện tích cho thuê: 167 m2 (trống suốt, ánh sáng tự nhiên tốt)\n💵 Giá thuê ưu đãi: $ 7,0 / m2/tháng\n💼 Phù hợp cho văn phòng đại diện, quy mô doanh nghiệp vừa và nhỏ.\n\n🔹 THÔNG TIN CHI TIẾT TÒA NHÀ:\n🔹 THÔNG TIN CHI TIẾT TOÀ NHÀ CECO 545\n1. Mô tả văn phòng cho thuê quận Cẩm Lệ Toà nhà CECO 545\n- Toà nhà văn phòng cho thuê quận Cẩm Lệ – Toà nhà CECO 545 là một trong số vài toà nhà lớn nằm trên con đường Nguyễn Hữu Thọ, vị trí gần giao lộ Nguyễn Hữu Thọ – Phan Đăng Lưu, toà nhà 2 mặt tiền với nhiều đường nhánh nhỏ, rất tiện để đậu xe ô tô và di chuyển.\n- Là tòa nhà văn phòng cho thuê chủ yếu được xây dựng để phục vụ làm trụ sở chính của công ty chủ quản là CECO 545, các tầng còn trống được khai thác cho thuê. Với mục đích ban đầu như vậy nên toà nhà được xây rất chắc chắn và chất lượng tốt, một phần vì công ty CECO 545 là công ty xây dựng, xây lắp cầu đường có tiếng tăm.\n- Toà nhà muốn tạo ra không gian làm việc với mức giá thuê văn phòng tốt cho các đơn vị thuê nên gần như giá thuê của toà nhà là thấp nhất khu vực này.\n- Hiện các đối tác lớn đang thuê tại toà nhà là MB Bank, Grab\n🔹 2. Kết cấu văn phòng cho thuê quận Cẩm Lệ Toà nhà CECO 545\n- Kết cấu: 9 tầng nổi, 1 tầng hầm\n- Diện tích mỗi sàn: 400 m2\n- Diện tích cho thuê: 330 m2 mỗi sàn\n- Khu vực giữ xe: 1 tầng hầm và bãi xe bên ngoài toà nhà\n- Số thang máy: 2 thang\n\n📞 Liên hệ xem văn phòng: 0935723727 (Nguyễn Ngọc Thiên Bình)","$ 7,0 / m2",167,"Nguyễn Hữu Thọ, Khuê Trung, Cẩm Lệ, Đà Nẵng",Cẩm Lệ,Nguyễn Ngọc Thiên Bình,0935723727,,https://officedanang.vn/property/toa-nha-ceco-545/,False
Cho thuê diện tích văn phòng 330m2 tại CECO 545 Cẩm Lệ,Văn phòng,"🌟 CHO THUÊ VĂN PHÒNG ĐẸP TẠI TÒA NHÀ CECO 545 🌟\n\n📍 Địa chỉ: Nguyễn Hữu Thọ, Khuê Trung, Cẩm Lệ, Đà Nẵng\n📐 Diện tích cho thuê: 330 m2 (trống suốt, ánh sáng tự nhiên tốt)\n💵 Giá thuê ưu đãi: $ 7,0 / m2/tháng\n💼 Phù hợp cho văn phòng đại diện, quy mô doanh nghiệp vừa và nhỏ.\n\n🔹 THÔNG TIN CHI TIẾT TÒA NHÀ:\n🔹 THÔNG TIN CHI TIẾT TOÀ NHÀ CECO 545\n1. Mô tả văn phòng cho thuê quận Cẩm Lệ Toà nhà CECO 545\n- Toà nhà văn phòng cho thuê quận Cẩm Lệ – Toà nhà CECO 545 là một trong số vài toà nhà lớn nằm trên con đường Nguyễn Hữu Thọ, vị trí gần giao lộ Nguyễn Hữu Thọ – Phan Đăng Lưu, toà nhà 2 mặt tiền với nhiều đường nhánh nhỏ, rất tiện để đậu xe ô tô và di chuyển.\n- Là tòa nhà văn phòng cho thuê chủ yếu được xây dựng để phục vụ làm trụ sở chính của công ty chủ quản là CECO 545, các tầng còn trống được khai thác cho thuê. Với mục đích ban đầu như vậy nên toà nhà được xây rất chắc chắn và chất lượng tốt, một phần vì công ty CECO 545 là công ty xây dựng, xây lắp cầu đường có tiếng tăm.\n- Toà nhà muốn tạo ra không gian làm việc với mức giá thuê văn phòng tốt cho các đơn vị thuê nên gần như giá thuê của toà nhà là thấp nhất khu vực này.\n- Hiện các đối tác lớn đang thuê tại toà nhà là MB Bank, Grab\n🔹 2. Kết cấu văn phòng cho thuê quận Cẩm Lệ Toà nhà CECO 545\n- Kết cấu: 9 tầng nổi, 1 tầng hầm\n- Diện tích mỗi sàn: 400 m2\n- Diện tích cho thuê: 330 m2 mỗi sàn\n- Khu vực giữ xe: 1 tầng hầm và bãi xe bên ngoài toà nhà\n- Số thang máy: 2 thang\n\n📞 Liên hệ xem văn phòng: 0935723727 (Nguyễn Ngọc Thiên Bình)","$ 7,0 / m2",330,"Nguyễn Hữu Thọ, Khuê Trung, Cẩm Lệ, Đà Nẵng",Cẩm Lệ,Nguyễn Ngọc Thiên Bình,0935723727,,https://officedanang.vn/property/toa-nha-ceco-545/,False
Cho thuê sàn văn phòng 545m2 ở CECO 545 - Q. Cẩm Lệ,Văn phòng,"🌟 CHO THUÊ VĂN PHÒNG ĐẸP TẠI TÒA NHÀ CECO 545 🌟\n\n📍 Địa chỉ: Nguyễn Hữu Thọ, Khuê Trung, Cẩm Lệ, Đà Nẵng\n📐 Diện tích cho thuê: 545 m2 (trống suốt, ánh sáng tự nhiên tốt)\n💵 Giá thuê ưu đãi: $ 7,0 / m2/tháng\n💼 Phù hợp cho văn phòng đại diện, quy mô doanh nghiệp vừa và nhỏ.\n\n🔹 THÔNG TIN CHI TIẾT TÒA NHÀ:\n🔹 THÔNG TIN CHI TIẾT TOÀ NHÀ CECO 545\n1. Mô tả văn phòng cho thuê quận Cẩm Lệ Toà nhà CECO 545\n- Toà nhà văn phòng cho thuê quận Cẩm Lệ – Toà nhà CECO 545 là một trong số vài toà nhà lớn nằm trên con đường Nguyễn Hữu Thọ, vị trí gần giao lộ Nguyễn Hữu Thọ – Phan Đăng Lưu, toà nhà 2 mặt tiền với nhiều đường nhánh nhỏ, rất tiện để đậu xe ô tô và di chuyển.\n- Là tòa nhà văn phòng cho thuê chủ yếu được xây dựng để phục vụ làm trụ sở chính của công ty chủ quản là CECO 545, các tầng còn trống được khai thác cho thuê. Với mục đích ban đầu như vậy nên toà nhà được xây rất chắc chắn và chất lượng tốt, một phần vì công ty CECO 545 là công ty xây dựng, xây lắp cầu đường có tiếng tăm.\n- Toà nhà muốn tạo ra không gian làm việc với mức giá thuê văn phòng tốt cho các đơn vị thuê nên gần như giá thuê của toà nhà là thấp nhất khu vực này.\n- Hiện các đối tác lớn đang thuê tại toà nhà là MB Bank, Grab\n🔹 2. Kết cấu văn phòng cho thuê quận Cẩm Lệ Toà nhà CECO 545\n- Kết cấu: 9 tầng nổi, 1 tầng hầm\n- Diện tích mỗi sàn: 400 m2\n- Diện tích cho thuê: 330 m2 mỗi sàn\n- Khu vực giữ xe: 1 tầng hầm và bãi xe bên ngoài toà nhà\n- Số thang máy: 2 thang\n\n📞 Liên hệ xem văn phòng: 0935723727 (Nguyễn Ngọc Thiên Bình)","$ 7,0 / m2",545,"Nguyễn Hữu Thọ, Khuê Trung, Cẩm Lệ, Đà Nẵng",Cẩm Lệ,Nguyễn Ngọc Thiên Bình,0935723727,,https://officedanang.vn/property/toa-nha-ceco-545/,False
Văn phòng làm việc 150m2 cho thuê tại FHOME Quận Hải Châu,Văn phòng,"🌟 CHO THUÊ VĂN PHÒNG ĐẸP TẠI TÒA NHÀ FHOME 🌟\n\n📍 Địa chỉ: Lý Thường Kiệt, Thạch Thang, Hải Châu, Đà Nẵng\n📐 Diện tích cho thuê: 150 m2 (trống suốt, ánh sáng tự nhiên tốt)\n💵 Giá thuê ưu đãi: Giá từ $ 13,0 / m2/tháng\n💼 Phù hợp cho văn phòng đại diện, quy mô doanh nghiệp vừa và nhỏ.\n\n🔹 THÔNG TIN CHI TIẾT TÒA NHÀ:\n🔹 THÔNG TIN CHI TIẾT TOÀ NHÀ FHOME\n“Toà nhà phức hợp chung cư, văn phòng, trung tâm thương mại thuộc top lớn nhất Đà Nẵng”\n🔹 1. Mô tả văn phòng cho thuê quận Hải Châu toà nhà FHOME\n- Toà nhà văn phòng cho thuê quận Hải châu – Toà nhà FHOME nằm trên trục đường Lý Thường Kiệt, tuy không phải là một đường chính lớn, nhưng khu vực cư dân xung quanh và đặc biệt cư dân trong toà nhà đông đúc vẫn tạo ra được sự nhộn nhịp cho khu vực xung quanh toà nhà.\n- Quán cà phê, tiệm ăn, cửa hàng tiện lợi,… xuất hiện nhiều, ở khu vực xung quanh toà nhà FHOME. Đặc biệt đây là khu vực đa dạng các quán cà phê lớn nhỏ.\n- Diện tích sàn lớn mà một điểm cộng ưu việt của toà nhà FHOME, chính vì điều đó mà hiện trong toà nhà đã có những đơn vị IT rất lớn thuê diện tích lớn lên đến hơn 1000m2. Các công ty IT lớn tại Đà Nẵng tin tưởng cho việc đặt làm trụ sở tại tòa nhà Fhome như Sun Aterisk, Cowell.\n- Mặt tiền toà nhà trung tâm thương mại siêu rộng cũng là một điểm khiến toà nhà nổi bật được sự đồ sộ, rất tốt cho việc branding của các đơn vị thuê bên trong.\n🔹 2. Kết cấu văn phòng cho thuê quận Hải Châu toà nhà FHOME\n- Kết cấu toà nhà: 26 tầng, trong đó có 5 tầng dành cho khối văn phòng, 1 tầng dành cho khu vực hồ bơi, spa, các tầng còn lại dành cho khối căn hộ, khách sạn.\n- Diện tích sàn: 3160 m2\n- Khu vực để xe: 1 tầng hầm và bãi xe tầng 1\n\n📞 Liên hệ xem văn phòng: 0935723727 (Nguyễn Ngọc Thiên Bình)","Giá từ $ 13,0 / m2",150,"Lý Thường Kiệt, Thạch Thang, Hải Châu, Đà Nẵng",Hải Châu,Nguyễn Ngọc Thiên Bình,0935723727,,https://officedanang.vn/property/toa-nha-fhome/,False
"Cho thuê văn phòng trống 160m2 cực đẹp ở tòa nhà FHOME, Hải Châu",Văn phòng,"🌟 CHO THUÊ VĂN PHÒNG ĐẸP TẠI TÒA NHÀ FHOME 🌟\n\n📍 Địa chỉ: Lý Thường Kiệt, Thạch Thang, Hải Châu, Đà Nẵng\n📐 Diện tích cho thuê: 160 m2 (trống suốt, ánh sáng tự nhiên tốt)\n💵 Giá thuê ưu đãi: Giá từ $ 13,0 / m2/tháng\n💼 Phù hợp cho văn phòng đại diện, quy mô doanh nghiệp vừa và nhỏ.\n\n🔹 THÔNG TIN CHI TIẾT TÒA NHÀ:\n🔹 THÔNG TIN CHI TIẾT TOÀ NHÀ FHOME\n“Toà nhà phức hợp chung cư, văn phòng, trung tâm thương mại thuộc top lớn nhất Đà Nẵng”\n🔹 1. Mô tả văn phòng cho thuê quận Hải Châu toà nhà FHOME\n- Toà nhà văn phòng cho thuê quận Hải châu – Toà nhà FHOME nằm trên trục đường Lý Thường Kiệt, tuy không phải là một đường chính lớn, nhưng khu vực cư dân xung quanh và đặc biệt cư dân trong toà nhà đông đúc vẫn tạo ra được sự nhộn nhịp cho khu vực xung quanh toà nhà.\n- Quán cà phê, tiệm ăn, cửa hàng tiện lợi,… xuất hiện nhiều, ở khu vực xung quanh toà nhà FHOME. Đặc biệt đây là khu vực đa dạng các quán cà phê lớn nhỏ.\n- Diện tích sàn lớn mà một điểm cộng ưu việt của toà nhà FHOME, chính vì điều đó mà hiện trong toà nhà đã có những đơn vị IT rất lớn thuê diện tích lớn lên đến hơn 1000m2. Các công ty IT lớn tại Đà Nẵng tin tưởng cho việc đặt làm trụ sở tại tòa nhà Fhome như Sun Aterisk, Cowell.\n- Mặt tiền toà nhà trung tâm thương mại siêu rộng cũng là một điểm khiến toà nhà nổi bật được sự đồ sộ, rất tốt cho việc branding của các đơn vị thuê bên trong.\n🔹 2. Kết cấu văn phòng cho thuê quận Hải Châu toà nhà FHOME\n- Kết cấu toà nhà: 26 tầng, trong đó có 5 tầng dành cho khối văn phòng, 1 tầng dành cho khu vực hồ bơi, spa, các tầng còn lại dành cho khối căn hộ, khách sạn.\n- Diện tích sàn: 3160 m2\n- Khu vực để xe: 1 tầng hầm và bãi xe tầng 1\n\n📞 Liên hệ xem văn phòng: 0935723727 (Nguyễn Ngọc Thiên Bình)","Giá từ $ 13,0 / m2",160,"Lý Thường Kiệt, Thạch Thang, Hải Châu, Đà Nẵng",Hải Châu,Nguyễn Ngọc Thiên Bình,0935723727,,https://officedanang.vn/property/toa-nha-fhome/,False
Cho thuê diện tích văn phòng 184m2 tại FHOME Hải Châu,Văn phòng,"🌟 CHO THUÊ VĂN PHÒNG ĐẸP TẠI TÒA NHÀ FHOME 🌟\n\n📍 Địa chỉ: Lý Thường Kiệt, Thạch Thang, Hải Châu, Đà Nẵng\n📐 Diện tích cho thuê: 184 m2 (trống suốt, ánh sáng tự nhiên tốt)\n💵 Giá thuê ưu đãi: Giá từ $ 13,0 / m2/tháng\n💼 Phù hợp cho văn phòng đại diện, quy mô doanh nghiệp vừa và nhỏ.\n\n🔹 THÔNG TIN CHI TIẾT TÒA NHÀ:\n🔹 THÔNG TIN CHI TIẾT TOÀ NHÀ FHOME\n“Toà nhà phức hợp chung cư, văn phòng, trung tâm thương mại thuộc top lớn nhất Đà Nẵng”\n🔹 1. Mô tả văn phòng cho thuê quận Hải Châu toà nhà FHOME\n- Toà nhà văn phòng cho thuê quận Hải châu – Toà nhà FHOME nằm trên trục đường Lý Thường Kiệt, tuy không phải là một đường chính lớn, nhưng khu vực cư dân xung quanh và đặc biệt cư dân trong toà nhà đông đúc vẫn tạo ra được sự nhộn nhịp cho khu vực xung quanh toà nhà.\n- Quán cà phê, tiệm ăn, cửa hàng tiện lợi,… xuất hiện nhiều, ở khu vực xung quanh toà nhà FHOME. Đặc biệt đây là khu vực đa dạng các quán cà phê lớn nhỏ.\n- Diện tích sàn lớn mà một điểm cộng ưu việt của toà nhà FHOME, chính vì điều đó mà hiện trong toà nhà đã có những đơn vị IT rất lớn thuê diện tích lớn lên đến hơn 1000m2. Các công ty IT lớn tại Đà Nẵng tin tưởng cho việc đặt làm trụ sở tại tòa nhà Fhome như Sun Aterisk, Cowell.\n- Mặt tiền toà nhà trung tâm thương mại siêu rộng cũng là một điểm khiến toà nhà nổi bật được sự đồ sộ, rất tốt cho việc branding của các đơn vị thuê bên trong.\n🔹 2. Kết cấu văn phòng cho thuê quận Hải Châu toà nhà FHOME\n- Kết cấu toà nhà: 26 tầng, trong đó có 5 tầng dành cho khối văn phòng, 1 tầng dành cho khu vực hồ bơi, spa, các tầng còn lại dành cho khối căn hộ, khách sạn.\n- Diện tích sàn: 3160 m2\n- Khu vực để xe: 1 tầng hầm và bãi xe tầng 1\n\n📞 Liên hệ xem văn phòng: 0935723727 (Nguyễn Ngọc Thiên Bình)","Giá từ $ 13,0 / m2",184,"Lý Thường Kiệt, Thạch Thang, Hải Châu, Đà Nẵng",Hải Châu,Nguyễn Ngọc Thiên Bình,0935723727,,https://officedanang.vn/property/toa-nha-fhome/,False
Cho thuê diện tích văn phòng 500m2 tại FHOME Hải Châu,Văn phòng,"🌟 CHO THUÊ VĂN PHÒNG ĐẸP TẠI TÒA NHÀ FHOME 🌟\n\n📍 Địa chỉ: Lý Thường Kiệt, Thạch Thang, Hải Châu, Đà Nẵng\n📐 Diện tích cho thuê: 500 m2 (trống suốt, ánh sáng tự nhiên tốt)\n💵 Giá thuê ưu đãi: Giá từ $ 13,0 / m2/tháng\n💼 Phù hợp cho văn phòng đại diện, quy mô doanh nghiệp vừa và nhỏ.\n\n🔹 THÔNG TIN CHI TIẾT TÒA NHÀ:\n🔹 THÔNG TIN CHI TIẾT TOÀ NHÀ FHOME\n“Toà nhà phức hợp chung cư, văn phòng, trung tâm thương mại thuộc top lớn nhất Đà Nẵng”\n🔹 1. Mô tả văn phòng cho thuê quận Hải Châu toà nhà FHOME\n- Toà nhà văn phòng cho thuê quận Hải châu – Toà nhà FHOME nằm trên trục đường Lý Thường Kiệt, tuy không phải là một đường chính lớn, nhưng khu vực cư dân xung quanh và đặc biệt cư dân trong toà nhà đông đúc vẫn tạo ra được sự nhộn nhịp cho khu vực xung quanh toà nhà.\n- Quán cà phê, tiệm ăn, cửa hàng tiện lợi,… xuất hiện nhiều, ở khu vực xung quanh toà nhà FHOME. Đặc biệt đây là khu vực đa dạng các quán cà phê lớn nhỏ.\n- Diện tích sàn lớn mà một điểm cộng ưu việt của toà nhà FHOME, chính vì điều đó mà hiện trong toà nhà đã có những đơn vị IT rất lớn thuê diện tích lớn lên đến hơn 1000m2. Các công ty IT lớn tại Đà Nẵng tin tưởng cho việc đặt làm trụ sở tại tòa nhà Fhome như Sun Aterisk, Cowell.\n- Mặt tiền toà nhà trung tâm thương mại siêu rộng cũng là một điểm khiến toà nhà nổi bật được sự đồ sộ, rất tốt cho việc branding của các đơn vị thuê bên trong.\n🔹 2. Kết cấu văn phòng cho thuê quận Hải Châu toà nhà FHOME\n- Kết cấu toà nhà: 26 tầng, trong đó có 5 tầng dành cho khối văn phòng, 1 tầng dành cho khu vực hồ bơi, spa, các tầng còn lại dành cho khối căn hộ, khách sạn.\n- Diện tích sàn: 3160 m2\n- Khu vực để xe: 1 tầng hầm và bãi xe tầng 1\n\n📞 Liên hệ xem văn phòng: 0935723727 (Nguyễn Ngọc Thiên Bình)","Giá từ $ 13,0 / m2",500,"Lý Thường Kiệt, Thạch Thang, Hải Châu, Đà Nẵng",Hải Châu,Nguyễn Ngọc Thiên Bình,0935723727,,https://officedanang.vn/property/toa-nha-fhome/,False
Cho thuê sàn văn phòng 1000m2 ở FHOME - Q. Hải Châu,Văn phòng,"🌟 CHO THUÊ VĂN PHÒNG ĐẸP TẠI TÒA NHÀ FHOME 🌟\n\n📍 Địa chỉ: Lý Thường Kiệt, Thạch Thang, Hải Châu, Đà Nẵng\n📐 Diện tích cho thuê: 1000 m2 (trống suốt, ánh sáng tự nhiên tốt)\n💵 Giá thuê ưu đãi: Giá từ $ 13,0 / m2/tháng\n💼 Phù hợp cho văn phòng đại diện, quy mô doanh nghiệp vừa và nhỏ.\n\n🔹 THÔNG TIN CHI TIẾT TÒA NHÀ:\n🔹 THÔNG TIN CHI TIẾT TOÀ NHÀ FHOME\n“Toà nhà phức hợp chung cư, văn phòng, trung tâm thương mại thuộc top lớn nhất Đà Nẵng”\n🔹 1. Mô tả văn phòng cho thuê quận Hải Châu toà nhà FHOME\n- Toà nhà văn phòng cho thuê quận Hải châu – Toà nhà FHOME nằm trên trục đường Lý Thường Kiệt, tuy không phải là một đường chính lớn, nhưng khu vực cư dân xung quanh và đặc biệt cư dân trong toà nhà đông đúc vẫn tạo ra được sự nhộn nhịp cho khu vực xung quanh toà nhà.\n- Quán cà phê, tiệm ăn, cửa hàng tiện lợi,… xuất hiện nhiều, ở khu vực xung quanh toà nhà FHOME. Đặc biệt đây là khu vực đa dạng các quán cà phê lớn nhỏ.\n- Diện tích sàn lớn mà một điểm cộng ưu việt của toà nhà FHOME, chính vì điều đó mà hiện trong toà nhà đã có những đơn vị IT rất lớn thuê diện tích lớn lên đến hơn 1000m2. Các công ty IT lớn tại Đà Nẵng tin tưởng cho việc đặt làm trụ sở tại tòa nhà Fhome như Sun Aterisk, Cowell.\n- Mặt tiền toà nhà trung tâm thương mại siêu rộng cũng là một điểm khiến toà nhà nổi bật được sự đồ sộ, rất tốt cho việc branding của các đơn vị thuê bên trong.\n🔹 2. Kết cấu văn phòng cho thuê quận Hải Châu toà nhà FHOME\n- Kết cấu toà nhà: 26 tầng, trong đó có 5 tầng dành cho khối văn phòng, 1 tầng dành cho khu vực hồ bơi, spa, các tầng còn lại dành cho khối căn hộ, khách sạn.\n- Diện tích sàn: 3160 m2\n- Khu vực để xe: 1 tầng hầm và bãi xe tầng 1\n\n📞 Liên hệ xem văn phòng: 0935723727 (Nguyễn Ngọc Thiên Bình)","Giá từ $ 13,0 / m2",1000,"Lý Thường Kiệt, Thạch Thang, Hải Châu, Đà Nẵng",Hải Châu,Nguyễn Ngọc Thiên Bình,0935723727,,https://officedanang.vn/property/toa-nha-fhome/,False
"Cho thuê văn phòng 9563m2 tại FHOME - Quận Hải Châu, Đà Nẵng",Văn phòng,"🌟 CHO THUÊ VĂN PHÒNG ĐẸP TẠI TÒA NHÀ FHOME 🌟\n\n📍 Địa chỉ: Lý Thường Kiệt, Thạch Thang, Hải Châu, Đà Nẵng\n📐 Diện tích cho thuê: 9563 m2 (trống suốt, ánh sáng tự nhiên tốt)\n💵 Giá thuê ưu đãi: Giá từ $ 13,0 / m2/tháng\n💼 Phù hợp cho văn phòng đại diện, quy mô doanh nghiệp vừa và nhỏ.\n\n🔹 THÔNG TIN CHI TIẾT TÒA NHÀ:\n🔹 THÔNG TIN CHI TIẾT TOÀ NHÀ FHOME\n“Toà nhà phức hợp chung cư, văn phòng, trung tâm thương mại thuộc top lớn nhất Đà Nẵng”\n🔹 1. Mô tả văn phòng cho thuê quận Hải Châu toà nhà FHOME\n- Toà nhà văn phòng cho thuê quận Hải châu – Toà nhà FHOME nằm trên trục đường Lý Thường Kiệt, tuy không phải là một đường chính lớn, nhưng khu vực cư dân xung quanh và đặc biệt cư dân trong toà nhà đông đúc vẫn tạo ra được sự nhộn nhịp cho khu vực xung quanh toà nhà.\n- Quán cà phê, tiệm ăn, cửa hàng tiện lợi,… xuất hiện nhiều, ở khu vực xung quanh toà nhà FHOME. Đặc biệt đây là khu vực đa dạng các quán cà phê lớn nhỏ.\n- Diện tích sàn lớn mà một điểm cộng ưu việt của toà nhà FHOME, chính vì điều đó mà hiện trong toà nhà đã có những đơn vị IT rất lớn thuê diện tích lớn lên đến hơn 1000m2. Các công ty IT lớn tại Đà Nẵng tin tưởng cho việc đặt làm trụ sở tại tòa nhà Fhome như Sun Aterisk, Cowell.\n- Mặt tiền toà nhà trung tâm thương mại siêu rộng cũng là một điểm khiến toà nhà nổi bật được sự đồ sộ, rất tốt cho việc branding của các đơn vị thuê bên trong.\n🔹 2. Kết cấu văn phòng cho thuê quận Hải Châu toà nhà FHOME\n- Kết cấu toà nhà: 26 tầng, trong đó có 5 tầng dành cho khối văn phòng, 1 tầng dành cho khu vực hồ bơi, spa, các tầng còn lại dành cho khối căn hộ, khách sạn.\n- Diện tích sàn: 3160 m2\n- Khu vực để xe: 1 tầng hầm và bãi xe tầng 1\n\n📞 Liên hệ xem văn phòng: 0935723727 (Nguyễn Ngọc Thiên Bình)","Giá từ $ 13,0 / m2",9563,"Lý Thường Kiệt, Thạch Thang, Hải Châu, Đà Nẵng",Hải Châu,Nguyễn Ngọc Thiên Bình,0935723727,,https://officedanang.vn/property/toa-nha-fhome/,False
Cho thuê diện tích văn phòng 185m2 tại THÁI DƯƠNG Cẩm Lệ,Văn phòng,"🌟 CHO THUÊ VĂN PHÒNG ĐẸP TẠI TÒA NHÀ THÁI DƯƠNG 🌟\n\n📍 Địa chỉ: Xô Viết Nghệ Tĩnh, Khuê Trung, Cẩm Lệ, Đà Nẵng\n📐 Diện tích cho thuê: 185 m2 (trống suốt, ánh sáng tự nhiên tốt)\n💵 Giá thuê ưu đãi: $ 11,0 / /m2/tháng\n💼 Phù hợp cho văn phòng đại diện, quy mô doanh nghiệp vừa và nhỏ.\n\n🔹 THÔNG TIN CHI TIẾT TÒA NHÀ:\n🔹 THÔNG TIN CHI TIẾT TOÀ NHÀ THÁI DƯƠNG\n“Tòa nhà đầu tiên do Đại Thắng quản lý và vận hành tại Đà Nẵng”\n🔹 1. Mô tả toà nhà THÁI DƯƠNG\n- Toà nhà văn phòng cho thuê quận Cẩm Lệ – Toà nhà THÁI DƯƠNG nằm trên trục đường Xô Viết Nghệ Tĩnh – tuyến đường có nhiều tòa nhà văn phòng cho thuê nhất Đà Nẵng.\n- Toà nhà do công ty Đại Thắng quản lý và khai thác vận hành, đây cũng là tòa nhà đầu tiên tại thị trường Đà Nẵng mà Đại Thắng quản lý.\n- Tòa nhà THÁI DƯƠNG chỉ yêu cầu khách hàng ký Hợp đồng tối thiểu 1 năm, cộng thêm kỳ thanh toán linh hoạt từ 1 – 3 tháng, điều này mang lại sự thoải mái về dòng tiền cho khách hàng mà ít tòa nhà tại Đà Nẵng có thể đáp ứng được.\n- Toà nhà đang được đối tác lớn là ngân hàng Eximbank tin tưởng đặt chi nhánh tại đây.\n🔹 2. Kết cấu toà nhà THÁI DƯƠNG\n- Số tầng của toà nhà: 10 tầng\n- Diện tích sàn: Khoảng 350m2\n- Số tầng hầm: 1 tầng hầm + Bãi để xe bên cạnh\n- Số thang máy: 2 thang\n\n📞 Liên hệ xem văn phòng: 0935723727 (Nguyễn Ngọc Thiên Bình)","$ 11,0 / /m2",185,"Xô Viết Nghệ Tĩnh, Khuê Trung, Cẩm Lệ, Đà Nẵng",Cẩm Lệ,Nguyễn Ngọc Thiên Bình,0935723727,,https://officedanang.vn/property/toa-nha-thai-duong/,False
"Cho thuê văn phòng trống 2745m2 cực đẹp ở tòa nhà THÁI DƯƠNG, Cẩm Lệ",Văn phòng,"🌟 CHO THUÊ VĂN PHÒNG ĐẸP TẠI TÒA NHÀ THÁI DƯƠNG 🌟\n\n📍 Địa chỉ: Xô Viết Nghệ Tĩnh, Khuê Trung, Cẩm Lệ, Đà Nẵng\n📐 Diện tích cho thuê: 2745 m2 (trống suốt, ánh sáng tự nhiên tốt)\n💵 Giá thuê ưu đãi: $ 11,0 / /m2/tháng\n💼 Phù hợp cho văn phòng đại diện, quy mô doanh nghiệp vừa và nhỏ.\n\n🔹 THÔNG TIN CHI TIẾT TÒA NHÀ:\n🔹 THÔNG TIN CHI TIẾT TOÀ NHÀ THÁI DƯƠNG\n“Tòa nhà đầu tiên do Đại Thắng quản lý và vận hành tại Đà Nẵng”\n🔹 1. Mô tả toà nhà THÁI DƯƠNG\n- Toà nhà văn phòng cho thuê quận Cẩm Lệ – Toà nhà THÁI DƯƠNG nằm trên trục đường Xô Viết Nghệ Tĩnh – tuyến đường có nhiều tòa nhà văn phòng cho thuê nhất Đà Nẵng.\n- Toà nhà do công ty Đại Thắng quản lý và khai thác vận hành, đây cũng là tòa nhà đầu tiên tại thị trường Đà Nẵng mà Đại Thắng quản lý.\n- Tòa nhà THÁI DƯƠNG chỉ yêu cầu khách hàng ký Hợp đồng tối thiểu 1 năm, cộng thêm kỳ thanh toán linh hoạt từ 1 – 3 tháng, điều này mang lại sự thoải mái về dòng tiền cho khách hàng mà ít tòa nhà tại Đà Nẵng có thể đáp ứng được.\n- Toà nhà đang được đối tác lớn là ngân hàng Eximbank tin tưởng đặt chi nhánh tại đây.\n🔹 2. Kết cấu toà nhà THÁI DƯƠNG\n- Số tầng của toà nhà: 10 tầng\n- Diện tích sàn: Khoảng 350m2\n- Số tầng hầm: 1 tầng hầm + Bãi để xe bên cạnh\n- Số thang máy: 2 thang\n\n📞 Liên hệ xem văn phòng: 0935723727 (Nguyễn Ngọc Thiên Bình)","$ 11,0 / /m2",2745,"Xô Viết Nghệ Tĩnh, Khuê Trung, Cẩm Lệ, Đà Nẵng",Cẩm Lệ,Nguyễn Ngọc Thiên Bình,0935723727,,https://officedanang.vn/property/toa-nha-thai-duong/,False
"Cho thuê văn phòng 33m2 tại VINADCO - Quận Thanh Khê, Đà Nẵng",Văn phòng,"🌟 CHO THUÊ VĂN PHÒNG ĐẸP TẠI TÒA NHÀ VINADCO 🌟\n\n📍 Địa chỉ: Hồ Quý Ly, Thanh Khê, Đà Nẵng\n📐 Diện tích cho thuê: 33 m2 (trống suốt, ánh sáng tự nhiên tốt)\n💵 Giá thuê ưu đãi: Thỏa thuận/tháng\n💼 Phù hợp cho văn phòng đại diện, quy mô doanh nghiệp vừa và nhỏ.\n\n🔹 THÔNG TIN CHI TIẾT TÒA NHÀ:\n🔹 THÔNG TIN CHI TIẾT TOÀ NHÀ VINADCO\n🔹 1. Mô tả văn phòng cho thuê quận Thanh Khê Toà nhà VINADCO\n- Toà nhà văn phòng cho thuê quận Thanh Khê – Toà nhà VINADCO nằm trên đường Hồ Quý Ly, quận Thanh Khê, thành phố Đà Nẵng. Tòa nhà nằm gần đường Nguyễn Tất Thành, và chỉ cách biển vài bước chân.\n- Tòa nhà VINADCO được thiết kế gồm 8 tầng, mỗi tầng với diện tích sử dụng khoảng 120 m2, được Ban quản lý tòa nhà chia làm các phòng với diện tích từ 12 m2 – 50 m2. Các phòng được bố trí sẵn bàn ghế, vách kính, phù hợp cho các đơn vị start up, các đơn vị ít nhân sự.\n🔹 2. Kết cấu văn phòng cho thuê quận Thanh Khê Toà nhà VINADCO\n- Diện tích mỗi sàn: 153 m2\n- Diện tích cho thuê: 12 m2 – 16 m2 – 50 m2\n- Khu vực giữ xe: Tầng trệt tòa nhà\n- Số thang máy: 1 thang\n🔹 3. Các chi phí Khách thuê phải trả tại Toà nhà VINADCO\n- Tiền thuê văn phòng: Tùy theo diện tích và dịch vụ đi kèm\n- Phí dịch vụ: Đã bao gồm trong giá thuê\n\n📞 Liên hệ xem văn phòng: 0935723727 (Nguyễn Ngọc Thiên Bình)",Thỏa thuận,33,"Hồ Quý Ly, Thanh Khê, Đà Nẵng",Thanh Khê,Nguyễn Ngọc Thiên Bình,0935723727,,https://officedanang.vn/property/toa-nha-vinadco/,False
Văn phòng làm việc 9569m2 cho thuê tại VINADCO Quận Thanh Khê,Văn phòng,"🌟 CHO THUÊ VĂN PHÒNG ĐẸP TẠI TÒA NHÀ VINADCO 🌟\n\n📍 Địa chỉ: Hồ Quý Ly, Thanh Khê, Đà Nẵng\n📐 Diện tích cho thuê: 9569 m2 (trống suốt, ánh sáng tự nhiên tốt)\n💵 Giá thuê ưu đãi: Thỏa thuận/tháng\n💼 Phù hợp cho văn phòng đại diện, quy mô doanh nghiệp vừa và nhỏ.\n\n🔹 THÔNG TIN CHI TIẾT TÒA NHÀ:\n🔹 THÔNG TIN CHI TIẾT TOÀ NHÀ VINADCO\n🔹 1. Mô tả văn phòng cho thuê quận Thanh Khê Toà nhà VINADCO\n- Toà nhà văn phòng cho thuê quận Thanh Khê – Toà nhà VINADCO nằm trên đường Hồ Quý Ly, quận Thanh Khê, thành phố Đà Nẵng. Tòa nhà nằm gần đường Nguyễn Tất Thành, và chỉ cách biển vài bước chân.\n- Tòa nhà VINADCO được thiết kế gồm 8 tầng, mỗi tầng với diện tích sử dụng khoảng 120 m2, được Ban quản lý tòa nhà chia làm các phòng với diện tích từ 12 m2 – 50 m2. Các phòng được bố trí sẵn bàn ghế, vách kính, phù hợp cho các đơn vị start up, các đơn vị ít nhân sự.\n🔹 2. Kết cấu văn phòng cho thuê quận Thanh Khê Toà nhà VINADCO\n- Diện tích mỗi sàn: 153 m2\n- Diện tích cho thuê: 12 m2 – 16 m2 – 50 m2\n- Khu vực giữ xe: Tầng trệt tòa nhà\n- Số thang máy: 1 thang\n🔹 3. Các chi phí Khách thuê phải trả tại Toà nhà VINADCO\n- Tiền thuê văn phòng: Tùy theo diện tích và dịch vụ đi kèm\n- Phí dịch vụ: Đã bao gồm trong giá thuê\n\n📞 Liên hệ xem văn phòng: 0935723727 (Nguyễn Ngọc Thiên Bình)",Thỏa thuận,9569,"Hồ Quý Ly, Thanh Khê, Đà Nẵng",Thanh Khê,Nguyễn Ngọc Thiên Bình,0935723727,,https://officedanang.vn/property/toa-nha-vinadco/,False
Cho thuê diện tích văn phòng 2m2 tại MINH SƠN 2 / SUNRISE 2 Hải Châu,Văn phòng,"🌟 CHO THUÊ VĂN PHÒNG ĐẸP TẠI TÒA NHÀ MINH SƠN 2 / SUNRISE 2 🌟\n\n📍 Địa chỉ: Ngô Gia Tự, Hải Châu, Đà Nẵng\n📐 Diện tích cho thuê: 2 m2 (trống suốt, ánh sáng tự nhiên tốt)\n💵 Giá thuê ưu đãi: Giá từ $ 12,0 / m2/tháng\n💼 Phù hợp cho văn phòng đại diện, quy mô doanh nghiệp vừa và nhỏ.\n\n🔹 THÔNG TIN CHI TIẾT TÒA NHÀ:\n🔹 THÔNG TIN CHI TIẾT TOÀ NHÀ MINH SƠN 2 / SUNRISE 2\n“Là một trong số ít các tòa nhà cho phép các đơn vị thuê làm việc 24/24 mà không tính thêm phụ phí phát sinh”\n🔹 1. Mô tả văn phòng cho thuê quận Hải Châu toà nhà Minh Sơn 2/Sunrise 2\n- Toà nhà văn phòng cho thuê quận Hải Châu – Toà nhà Minh Sơn 2/Sunrise 2 nằm trên tuyến đường Ngô Gia Tự, gần Bệnh Viện Đà Nẵng, Bệnh Viện C…khu vực tập trung dân cư.\n- Đi vào hoạt động từ năm 2019, là một trong những tòa nhà mới, với diện tích sàn 300 m2 tương đối phố biến ở Đà Nẵng. Tòa nhà Minh Sơn 2 gồm 5 tầng với 1 thang máy và khu vực để xe tại tầng trệt. Bãi để xe tương đối hạn chế nhưng nhờ nằm gần khu vực Bệnh viện, nên việc đậu đỗ xe không phải là vấn đề quá lớn đối với tòa nhà.\n- Bên cạnh việc mang lại không gian làm việc chuyên nghiệp, tòa nhà Minh Sơn 2 còn có thêm khu vực pantry ở mỗi tầng phục vụ hoàn toàn miễn phí cho các khách hàng đang thuê tại tòa nhà.\n🔹 2. Kết cấu văn phòng cho thuê quận Hải Châu toà nhà Minh Sơn 2\n- Diện tích sàn: Khoảng 300m2\n- Diện tích sử dụng: 218 m2 mỗi tầng\n- Bãi giữ xe: Tầng 1 toà nhà\n- Số thang máy: 1 thang\n🔹 3. Các chi phí Khách thuê phải trả tại Toà nhà Minh Sơn 2\n\n📞 Liên hệ xem văn phòng: 0935723727 (Nguyễn Ngọc Thiên Bình)","Giá từ $ 12,0 / m2",2,"Ngô Gia Tự, Hải Châu, Đà Nẵng",Hải Châu,Nguyễn Ngọc Thiên Bình,0935723727,,https://officedanang.vn/property/toa-nha-minh-son-2-sunrise-2/,False
"Văn phòng cho thuê 41m2 tại tòa nhà MINH SƠN 2 / SUNRISE 2, Hải Châu",Văn phòng,"🌟 CHO THUÊ VĂN PHÒNG ĐẸP TẠI TÒA NHÀ MINH SƠN 2 / SUNRISE 2 🌟\n\n📍 Địa chỉ: Ngô Gia Tự, Hải Châu, Đà Nẵng\n📐 Diện tích cho thuê: 41 m2 (trống suốt, ánh sáng tự nhiên tốt)\n💵 Giá thuê ưu đãi: Giá từ $ 12,0 / m2/tháng\n💼 Phù hợp cho văn phòng đại diện, quy mô doanh nghiệp vừa và nhỏ.\n\n🔹 THÔNG TIN CHI TIẾT TÒA NHÀ:\n🔹 THÔNG TIN CHI TIẾT TOÀ NHÀ MINH SƠN 2 / SUNRISE 2\n“Là một trong số ít các tòa nhà cho phép các đơn vị thuê làm việc 24/24 mà không tính thêm phụ phí phát sinh”\n🔹 1. Mô tả văn phòng cho thuê quận Hải Châu toà nhà Minh Sơn 2/Sunrise 2\n- Toà nhà văn phòng cho thuê quận Hải Châu – Toà nhà Minh Sơn 2/Sunrise 2 nằm trên tuyến đường Ngô Gia Tự, gần Bệnh Viện Đà Nẵng, Bệnh Viện C…khu vực tập trung dân cư.\n- Đi vào hoạt động từ năm 2019, là một trong những tòa nhà mới, với diện tích sàn 300 m2 tương đối phố biến ở Đà Nẵng. Tòa nhà Minh Sơn 2 gồm 5 tầng với 1 thang máy và khu vực để xe tại tầng trệt. Bãi để xe tương đối hạn chế nhưng nhờ nằm gần khu vực Bệnh viện, nên việc đậu đỗ xe không phải là vấn đề quá lớn đối với tòa nhà.\n- Bên cạnh việc mang lại không gian làm việc chuyên nghiệp, tòa nhà Minh Sơn 2 còn có thêm khu vực pantry ở mỗi tầng phục vụ hoàn toàn miễn phí cho các khách hàng đang thuê tại tòa nhà.\n🔹 2. Kết cấu văn phòng cho thuê quận Hải Châu toà nhà Minh Sơn 2\n- Diện tích sàn: Khoảng 300m2\n- Diện tích sử dụng: 218 m2 mỗi tầng\n- Bãi giữ xe: Tầng 1 toà nhà\n- Số thang máy: 1 thang\n🔹 3. Các chi phí Khách thuê phải trả tại Toà nhà Minh Sơn 2\n\n📞 Liên hệ xem văn phòng: 0935723727 (Nguyễn Ngọc Thiên Bình)","Giá từ $ 12,0 / m2",41,"Ngô Gia Tự, Hải Châu, Đà Nẵng",Hải Châu,Nguyễn Ngọc Thiên Bình,0935723727,,https://officedanang.vn/property/toa-nha-minh-son-2-sunrise-2/,False
"Cho thuê văn phòng trống 81m2 cực đẹp ở tòa nhà MINH SƠN 2 / SUNRISE 2, Hải Châu",Văn phòng,"🌟 CHO THUÊ VĂN PHÒNG ĐẸP TẠI TÒA NHÀ MINH SƠN 2 / SUNRISE 2 🌟\n\n📍 Địa chỉ: Ngô Gia Tự, Hải Châu, Đà Nẵng\n📐 Diện tích cho thuê: 81 m2 (trống suốt, ánh sáng tự nhiên tốt)\n💵 Giá thuê ưu đãi: Giá từ $ 12,0 / m2/tháng\n💼 Phù hợp cho văn phòng đại diện, quy mô doanh nghiệp vừa và nhỏ.\n\n🔹 THÔNG TIN CHI TIẾT TÒA NHÀ:\n🔹 THÔNG TIN CHI TIẾT TOÀ NHÀ MINH SƠN 2 / SUNRISE 2\n“Là một trong số ít các tòa nhà cho phép các đơn vị thuê làm việc 24/24 mà không tính thêm phụ phí phát sinh”\n🔹 1. Mô tả văn phòng cho thuê quận Hải Châu toà nhà Minh Sơn 2/Sunrise 2\n- Toà nhà văn phòng cho thuê quận Hải Châu – Toà nhà Minh Sơn 2/Sunrise 2 nằm trên tuyến đường Ngô Gia Tự, gần Bệnh Viện Đà Nẵng, Bệnh Viện C…khu vực tập trung dân cư.\n- Đi vào hoạt động từ năm 2019, là một trong những tòa nhà mới, với diện tích sàn 300 m2 tương đối phố biến ở Đà Nẵng. Tòa nhà Minh Sơn 2 gồm 5 tầng với 1 thang máy và khu vực để xe tại tầng trệt. Bãi để xe tương đối hạn chế nhưng nhờ nằm gần khu vực Bệnh viện, nên việc đậu đỗ xe không phải là vấn đề quá lớn đối với tòa nhà.\n- Bên cạnh việc mang lại không gian làm việc chuyên nghiệp, tòa nhà Minh Sơn 2 còn có thêm khu vực pantry ở mỗi tầng phục vụ hoàn toàn miễn phí cho các khách hàng đang thuê tại tòa nhà.\n🔹 2. Kết cấu văn phòng cho thuê quận Hải Châu toà nhà Minh Sơn 2\n- Diện tích sàn: Khoảng 300m2\n- Diện tích sử dụng: 218 m2 mỗi tầng\n- Bãi giữ xe: Tầng 1 toà nhà\n- Số thang máy: 1 thang\n🔹 3. Các chi phí Khách thuê phải trả tại Toà nhà Minh Sơn 2\n\n📞 Liên hệ xem văn phòng: 0935723727 (Nguyễn Ngọc Thiên Bình)","Giá từ $ 12,0 / m2",81,"Ngô Gia Tự, Hải Châu, Đà Nẵng",Hải Châu,Nguyễn Ngọc Thiên Bình,0935723727,,https://officedanang.vn/property/toa-nha-minh-son-2-sunrise-2/,False
"Cho Thể Cho Thực Vật: Văn Phố 192m2 Tốt Nhất tại Minh Sơn 2/Sunrise 2 - Hải Châu, Đà Nẵng",Văn phòng,"🏢 CHO THUÊ VĂN PHÒNG TẠI CHO THUÊ VĂN PHÒNG 192M2 TẠI MINH SƠN 2 / SUNRISE 2 - QUẬN HẢI CHÂU, ĐÀ NẴNG\n\n📍 Địa chỉ: Ngô Gia Tự, Hải Châu, Đà Nẵng\n\n📐 Diện tích: 192 m2\n\n💵 Giá thuê: 60.364.800 VNĐ/tháng\n\n✨ ƯU ĐIỂM & TIỆN ÍCH NỔI BẬT:\n\n- Sàn văn phòng vuông vắn, được thiết kế trống suốt, thoáng đãng với ánh sáng tự nhiên tốt.\n\n- Tòa nhà chuyên nghiệp, thang máy tốc độ cao di chuyển nhanh chóng.\n\n- Hầm gửi xe rộng rãi thoải mái cho nhân viên và đối tác, hệ thống an ninh giám sát 24/7.\n\n- Hệ thống phòng cháy chữa cháy (PCCC) đạt tiêu chuẩn an toàn chất lượng cao.\n\n- Có chính sách hỗ trợ thời gian thi công, setup nội thất văn phòng miễn phí cho doanh nghiệp.\n\n💼 [Viết một đoạn văn ngắn khoảng 3-4 câu mô tả chi tiết không gian làm việc thực tế, sự phù hợp cho văn phòng đại diện/công ty công nghệ và kêu gọi liên hệ xem sàn trực tiếp]\n\nVăn phòng hiện đại, thoáng mát với thiết kế độc đáo. Đây là nơi lý tưởng để bạn thể hiện sự chuyên nghiệp của mình, đồng thời tạo nên không gian làm việc năng động và sáng tạo cho đội ngũ nhân viên. Hãy liên hệ ngay hôm nay để được xem phòng văn phòng trực tiếp!\n\n📞 Liên hệ xem văn phòng: 0935723727 (Nguyễn Ngọc Thiên Bình)\n\n📞 Liên hệ xem văn phòng: 0935723727 (Nguyễn Ngọc Thiên Bình)",60364800,192,"Ngô Gia Tự, Hải Châu, Đà Nẵng",Hải Châu,Nguyễn Ngọc Thiên Bình,0935723727,,https://officedanang.vn/property/toa-nha-minh-son-2-sunrise-2/,True
Văn phòng làm việc 222m2 cho thuê tại MINH SƠN 2 / SUNRISE 2 Quận Hải Châu,Văn phòng,"🌟 CHO THUÊ VĂN PHÒNG ĐẸP TẠI TÒA NHÀ MINH SƠN 2 / SUNRISE 2 🌟\n\n📍 Địa chỉ: Ngô Gia Tự, Hải Châu, Đà Nẵng\n📐 Diện tích cho thuê: 222 m2 (trống suốt, ánh sáng tự nhiên tốt)\n💵 Giá thuê ưu đãi: Giá từ $ 12,0 / m2/tháng\n💼 Phù hợp cho văn phòng đại diện, quy mô doanh nghiệp vừa và nhỏ.\n\n🔹 THÔNG TIN CHI TIẾT TÒA NHÀ:\n🔹 THÔNG TIN CHI TIẾT TOÀ NHÀ MINH SƠN 2 / SUNRISE 2\n“Là một trong số ít các tòa nhà cho phép các đơn vị thuê làm việc 24/24 mà không tính thêm phụ phí phát sinh”\n🔹 1. Mô tả văn phòng cho thuê quận Hải Châu toà nhà Minh Sơn 2/Sunrise 2\n- Toà nhà văn phòng cho thuê quận Hải Châu – Toà nhà Minh Sơn 2/Sunrise 2 nằm trên tuyến đường Ngô Gia Tự, gần Bệnh Viện Đà Nẵng, Bệnh Viện C…khu vực tập trung dân cư.\n- Đi vào hoạt động từ năm 2019, là một trong những tòa nhà mới, với diện tích sàn 300 m2 tương đối phố biến ở Đà Nẵng. Tòa nhà Minh Sơn 2 gồm 5 tầng với 1 thang máy và khu vực để xe tại tầng trệt. Bãi để xe tương đối hạn chế nhưng nhờ nằm gần khu vực Bệnh viện, nên việc đậu đỗ xe không phải là vấn đề quá lớn đối với tòa nhà.\n- Bên cạnh việc mang lại không gian làm việc chuyên nghiệp, tòa nhà Minh Sơn 2 còn có thêm khu vực pantry ở mỗi tầng phục vụ hoàn toàn miễn phí cho các khách hàng đang thuê tại tòa nhà.\n🔹 2. Kết cấu văn phòng cho thuê quận Hải Châu toà nhà Minh Sơn 2\n- Diện tích sàn: Khoảng 300m2\n- Diện tích sử dụng: 218 m2 mỗi tầng\n- Bãi giữ xe: Tầng 1 toà nhà\n- Số thang máy: 1 thang\n🔹 3. Các chi phí Khách thuê phải trả tại Toà nhà Minh Sơn 2\n\n📞 Liên hệ xem văn phòng: 0935723727 (Nguyễn Ngọc Thiên Bình)","Giá từ $ 12,0 / m2",222,"Ngô Gia Tự, Hải Châu, Đà Nẵng",Hải Châu,Nguyễn Ngọc Thiên Bình,0935723727,,https://officedanang.vn/property/toa-nha-minh-son-2-sunrise-2/,False
Cho thuê diện tích văn phòng 75m2 tại TRỰC THĂNG Hải Châu,Văn phòng,"🌟 CHO THUÊ VĂN PHÒNG ĐẸP TẠI TÒA NHÀ TRỰC THĂNG 🌟\n\n📍 Địa chỉ: Nguyễn Văn Linh, Hòa Thuận Tây, Hải Châu, Đà Nẵng\n📐 Diện tích cho thuê: 75 m2 (trống suốt, ánh sáng tự nhiên tốt)\n💵 Giá thuê ưu đãi: Thỏa thuận/tháng\n💼 Phù hợp cho văn phòng đại diện, quy mô doanh nghiệp vừa và nhỏ.\n\n🔹 THÔNG TIN CHI TIẾT TÒA NHÀ:\n🔹 THÔNG TIN CHI TIẾT TOÀ NHÀ TRỰC THĂNG\n“Toà nhà có diện tích sàn lớn và giá vào top tốt nhất Đà Nẵng”\n🔹 1. Mô tả văn phòng cho thuê quận Hải Châu Toà nhà Trực Thăng\n- Toà nhà văn phòng cho thuê quận Hải Châu tại Đà Nẵng – Toà nhà Trực Thăng nằm trên trục đường Nguyễn Văn Linh, gần khu vực sân bay Đà Nẵng, tuy nhiên toà nhà không bị ảnh hưởng nhiều bởi tiếng ồn của máy bay\n- Toà nhà nằm ở khu vực tương đối riêng biệt nên hiện khu vực này chưa có nhiều các hàng quán ăn ở xung quanh toà nhà, chỉ có những quán cà phê nhỏ phục vụ cho nhân viên văn phòng. Thiết kế hiện đại theo phong cách châu Âu tựa như các mẫu nhà ở Úc hay các tòa nhà Office tại NewYork. Tuy nhiên điểm cộng ở đây là chi phí văn phòng thuê giá rẻ nên sẽ phù hợp với các chủ đầu tư hạn chế ngân sách.\n- Toà nhà có diện tích sàn lớn và rất phù hợp với các công ty vận chuyển, logistics, hoặc các công ty IT cần diện tích sàn lớn.\n- Toà nhà chỉ chấp nhận nhà mạng VNPT độc quyền, các khách thuê của Toà nhà cần lưu ý\n🔹 2. Kết cấu văn phòng cho thuê quận Hải Châu Toà nhà Trực Thăng\n- Số tầng toà nhà : 6 tầng, 1 tầng hầm\n- Diện tích sàn: 1200m2\n- Diện tích cho thuê mỗi tầng: Khoảng 1000m2\n- Khu vực đậu xe: 1 tầng hầm và bãi xe quanh toà nhà\n\n📞 Liên hệ xem văn phòng: 0935723727 (Nguyễn Ngọc Thiên Bình)",Thỏa thuận,75,"Nguyễn Văn Linh, Hòa Thuận Tây, Hải Châu, Đà Nẵng",Hải Châu,Nguyễn Ngọc Thiên Bình,0935723727,,https://officedanang.vn/property/toa-nha-truc-thang/,False
"Cho thuê văn phòng trống 100m2 cực đẹp ở tòa nhà TRỰC THĂNG, Hải Châu",Văn phòng,"🌟 CHO THUÊ VĂN PHÒNG ĐẸP TẠI TÒA NHÀ TRỰC THĂNG 🌟\n\n📍 Địa chỉ: Nguyễn Văn Linh, Hòa Thuận Tây, Hải Châu, Đà Nẵng\n📐 Diện tích cho thuê: 100 m2 (trống suốt, ánh sáng tự nhiên tốt)\n💵 Giá thuê ưu đãi: Thỏa thuận/tháng\n💼 Phù hợp cho văn phòng đại diện, quy mô doanh nghiệp vừa và nhỏ.\n\n🔹 THÔNG TIN CHI TIẾT TÒA NHÀ:\n🔹 THÔNG TIN CHI TIẾT TOÀ NHÀ TRỰC THĂNG\n“Toà nhà có diện tích sàn lớn và giá vào top tốt nhất Đà Nẵng”\n🔹 1. Mô tả văn phòng cho thuê quận Hải Châu Toà nhà Trực Thăng\n- Toà nhà văn phòng cho thuê quận Hải Châu tại Đà Nẵng – Toà nhà Trực Thăng nằm trên trục đường Nguyễn Văn Linh, gần khu vực sân bay Đà Nẵng, tuy nhiên toà nhà không bị ảnh hưởng nhiều bởi tiếng ồn của máy bay\n- Toà nhà nằm ở khu vực tương đối riêng biệt nên hiện khu vực này chưa có nhiều các hàng quán ăn ở xung quanh toà nhà, chỉ có những quán cà phê nhỏ phục vụ cho nhân viên văn phòng. Thiết kế hiện đại theo phong cách châu Âu tựa như các mẫu nhà ở Úc hay các tòa nhà Office tại NewYork. Tuy nhiên điểm cộng ở đây là chi phí văn phòng thuê giá rẻ nên sẽ phù hợp với các chủ đầu tư hạn chế ngân sách.\n- Toà nhà có diện tích sàn lớn và rất phù hợp với các công ty vận chuyển, logistics, hoặc các công ty IT cần diện tích sàn lớn.\n- Toà nhà chỉ chấp nhận nhà mạng VNPT độc quyền, các khách thuê của Toà nhà cần lưu ý\n🔹 2. Kết cấu văn phòng cho thuê quận Hải Châu Toà nhà Trực Thăng\n- Số tầng toà nhà : 6 tầng, 1 tầng hầm\n- Diện tích sàn: 1200m2\n- Diện tích cho thuê mỗi tầng: Khoảng 1000m2\n- Khu vực đậu xe: 1 tầng hầm và bãi xe quanh toà nhà\n\n📞 Liên hệ xem văn phòng: 0935723727 (Nguyễn Ngọc Thiên Bình)",Thỏa thuận,100,"Nguyễn Văn Linh, Hòa Thuận Tây, Hải Châu, Đà Nẵng",Hải Châu,Nguyễn Ngọc Thiên Bình,0935723727,,https://officedanang.vn/property/toa-nha-truc-thang/,False
Cho thuê sàn văn phòng 120m2 ở TRỰC THĂNG - Q. Hải Châu,Văn phòng,"🌟 CHO THUÊ VĂN PHÒNG ĐẸP TẠI TÒA NHÀ TRỰC THĂNG 🌟\n\n📍 Địa chỉ: Nguyễn Văn Linh, Hòa Thuận Tây, Hải Châu, Đà Nẵng\n📐 Diện tích cho thuê: 120 m2 (trống suốt, ánh sáng tự nhiên tốt)\n💵 Giá thuê ưu đãi: 235.800 /m2/tháng\n💼 Phù hợp cho văn phòng đại diện, quy mô doanh nghiệp vừa và nhỏ.\n\n🔹 THÔNG TIN CHI TIẾT TÒA NHÀ:\n🔹 THÔNG TIN CHI TIẾT TOÀ NHÀ TRỰC THĂNG\n“Toà nhà có diện tích sàn lớn và giá vào top tốt nhất Đà Nẵng”\n🔹 1. Mô tả văn phòng cho thuê quận Hải Châu Toà nhà Trực Thăng\n- Toà nhà văn phòng cho thuê quận Hải Châu tại Đà Nẵng – Toà nhà Trực Thăng nằm trên trục đường Nguyễn Văn Linh, gần khu vực sân bay Đà Nẵng, tuy nhiên toà nhà không bị ảnh hưởng nhiều bởi tiếng ồn của máy bay\n- Toà nhà nằm ở khu vực tương đối riêng biệt nên hiện khu vực này chưa có nhiều các hàng quán ăn ở xung quanh toà nhà, chỉ có những quán cà phê nhỏ phục vụ cho nhân viên văn phòng. Thiết kế hiện đại theo phong cách châu Âu tựa như các mẫu nhà ở Úc hay các tòa nhà Office tại NewYork. Tuy nhiên điểm cộng ở đây là chi phí văn phòng thuê giá rẻ nên sẽ phù hợp với các chủ đầu tư hạn chế ngân sách.\n- Toà nhà có diện tích sàn lớn và rất phù hợp với các công ty vận chuyển, logistics, hoặc các công ty IT cần diện tích sàn lớn.\n- Toà nhà chỉ chấp nhận nhà mạng VNPT độc quyền, các khách thuê của Toà nhà cần lưu ý\n🔹 2. Kết cấu văn phòng cho thuê quận Hải Châu Toà nhà Trực Thăng\n- Số tầng toà nhà : 6 tầng, 1 tầng hầm\n- Diện tích sàn: 1200m2\n- Diện tích cho thuê mỗi tầng: Khoảng 1000m2\n- Khu vực đậu xe: 1 tầng hầm và bãi xe quanh toà nhà\n\n📞 Liên hệ xem văn phòng: 0935723727 (Nguyễn Ngọc Thiên Bình)",28296000,120,"Nguyễn Văn Linh, Hòa Thuận Tây, Hải Châu, Đà Nẵng",Hải Châu,Nguyễn Ngọc Thiên Bình,0935723727,,https://officedanang.vn/property/toa-nha-truc-thang/,False
"Cho thuê văn phòng 9923m2 tại TRỰC THĂNG - Quận Hải Châu, Đà Nẵng",Văn phòng,"🌟 CHO THUÊ VĂN PHÒNG ĐẸP TẠI TÒA NHÀ TRỰC THĂNG 🌟\n\n📍 Địa chỉ: Nguyễn Văn Linh, Hòa Thuận Tây, Hải Châu, Đà Nẵng\n📐 Diện tích cho thuê: 9923 m2 (trống suốt, ánh sáng tự nhiên tốt)\n💵 Giá thuê ưu đãi: Thỏa thuận/tháng\n💼 Phù hợp cho văn phòng đại diện, quy mô doanh nghiệp vừa và nhỏ.\n\n🔹 THÔNG TIN CHI TIẾT TÒA NHÀ:\n🔹 THÔNG TIN CHI TIẾT TOÀ NHÀ TRỰC THĂNG\n“Toà nhà có diện tích sàn lớn và giá vào top tốt nhất Đà Nẵng”\n🔹 1. Mô tả văn phòng cho thuê quận Hải Châu Toà nhà Trực Thăng\n- Toà nhà văn phòng cho thuê quận Hải Châu tại Đà Nẵng – Toà nhà Trực Thăng nằm trên trục đường Nguyễn Văn Linh, gần khu vực sân bay Đà Nẵng, tuy nhiên toà nhà không bị ảnh hưởng nhiều bởi tiếng ồn của máy bay\n- Toà nhà nằm ở khu vực tương đối riêng biệt nên hiện khu vực này chưa có nhiều các hàng quán ăn ở xung quanh toà nhà, chỉ có những quán cà phê nhỏ phục vụ cho nhân viên văn phòng. Thiết kế hiện đại theo phong cách châu Âu tựa như các mẫu nhà ở Úc hay các tòa nhà Office tại NewYork. Tuy nhiên điểm cộng ở đây là chi phí văn phòng thuê giá rẻ nên sẽ phù hợp với các chủ đầu tư hạn chế ngân sách.\n- Toà nhà có diện tích sàn lớn và rất phù hợp với các công ty vận chuyển, logistics, hoặc các công ty IT cần diện tích sàn lớn.\n- Toà nhà chỉ chấp nhận nhà mạng VNPT độc quyền, các khách thuê của Toà nhà cần lưu ý\n🔹 2. Kết cấu văn phòng cho thuê quận Hải Châu Toà nhà Trực Thăng\n- Số tầng toà nhà : 6 tầng, 1 tầng hầm\n- Diện tích sàn: 1200m2\n- Diện tích cho thuê mỗi tầng: Khoảng 1000m2\n- Khu vực đậu xe: 1 tầng hầm và bãi xe quanh toà nhà\n\n📞 Liên hệ xem văn phòng: 0935723727 (Nguyễn Ngọc Thiên Bình)",Thỏa thuận,9923,"Nguyễn Văn Linh, Hòa Thuận Tây, Hải Châu, Đà Nẵng",Hải Châu,Nguyễn Ngọc Thiên Bình,0935723727,,https://officedanang.vn/property/toa-nha-truc-thang/,False
"Văn phòng cho thuê 43m2 tại tòa nhà TUẤN TOÀN, Hải Châu",Văn phòng,"🌟 CHO THUÊ VĂN PHÒNG ĐẸP TẠI TÒA NHÀ TUẤN TOÀN 🌟\n\n📍 Địa chỉ: Cao Thắng, Hải Châu, Đà Nẵng\n📐 Diện tích cho thuê: 43 m2 (trống suốt, ánh sáng tự nhiên tốt)\n💵 Giá thuê ưu đãi: $ 5,3 / m2/tháng\n💼 Phù hợp cho văn phòng đại diện, quy mô doanh nghiệp vừa và nhỏ.\n\n🔹 THÔNG TIN CHI TIẾT TÒA NHÀ:\n🔹 THÔNG TIN CHI TIẾT TOÀ NHÀ TUẤN TOÀN\n“Tòa nhà cho thuê với chi phí rẻ tại Đà Nẵng”\n🔹 1. Mô tả văn phòng cho thuê quận Hải Châu – Toà nhà TUẤN TOÀN\n- Toà nhà văn phòng cho thuê quận Hải Châu – Toà nhà TUẤN TOÀN nằm trên đường Cao Thắng, Phường Thanh Bình, quận Hải Châu, thành phố Đà Nẵng, tuyến đường tập trung nhiều sinh viên của Trường Đại Học Sư Phạm Kỹ Thuật.\n- Tòa nhà TUẤN TOÀN gồm 7 tầng và 1 thang máy, mỗi sàn với diện tích là 250 m2, diện tích sử dụng mỗi tầng tương đương 200 m2 , được chia làm nhiều diện tích linh hoạt như 20 m2  – 43 m2 – 150 m2 – 200 m2. Với nhiều diện tích từ nhỏ đến trung bình, toà nhà TUẤN TOÀN có thể đáp ứng được nhu cầu thuê của nhiều đối tượng khách hàng khác nhau. Ngoài ra, toà nhà còn sử dụng tầng 1 để làm khu vực để xe, mang lại sự tiện lợi cho khách hàng khi thuê văn phòng tại đây.\n🔹 2. Kết cấu văn phòng cho thuê quận Hải Châu – Toà nhà TUẤN TOÀN\n- Diện tích sàn: Khoảng 250m2\n- Diện tích sử dụng: 200 m2 mỗi tầng\n- Bãi giữ xe: Tầng trệt\n- Số thang máy: 1 thang\n🔹 3. Các chi phí Khách thuê phải trả tại Toà nhà TUẤN TOÀN\n- Tiền thuê văn phòng: USD 5.3 / m2/ tháng\n\n📞 Liên hệ xem văn phòng: 0935723727 (Nguyễn Ngọc Thiên Bình)","$ 5,3 / m2",43,"Cao Thắng, Hải Châu, Đà Nẵng",Hải Châu,Nguyễn Ngọc Thiên Bình,0935723727,,https://officedanang.vn/property/toa-nha-tuan-toan/,False
Cho thuê sàn văn phòng 150m2 ở TUẤN TOÀN - Q. Hải Châu,Văn phòng,"🌟 CHO THUÊ VĂN PHÒNG ĐẸP TẠI TÒA NHÀ TUẤN TOÀN 🌟\n\n📍 Địa chỉ: Cao Thắng, Hải Châu, Đà Nẵng\n📐 Diện tích cho thuê: 150 m2 (trống suốt, ánh sáng tự nhiên tốt)\n💵 Giá thuê ưu đãi: $ 5,3 / m2/tháng\n💼 Phù hợp cho văn phòng đại diện, quy mô doanh nghiệp vừa và nhỏ.\n\n🔹 THÔNG TIN CHI TIẾT TÒA NHÀ:\n🔹 THÔNG TIN CHI TIẾT TOÀ NHÀ TUẤN TOÀN\n“Tòa nhà cho thuê với chi phí rẻ tại Đà Nẵng”\n🔹 1. Mô tả văn phòng cho thuê quận Hải Châu – Toà nhà TUẤN TOÀN\n- Toà nhà văn phòng cho thuê quận Hải Châu – Toà nhà TUẤN TOÀN nằm trên đường Cao Thắng, Phường Thanh Bình, quận Hải Châu, thành phố Đà Nẵng, tuyến đường tập trung nhiều sinh viên của Trường Đại Học Sư Phạm Kỹ Thuật.\n- Tòa nhà TUẤN TOÀN gồm 7 tầng và 1 thang máy, mỗi sàn với diện tích là 250 m2, diện tích sử dụng mỗi tầng tương đương 200 m2 , được chia làm nhiều diện tích linh hoạt như 20 m2  – 43 m2 – 150 m2 – 200 m2. Với nhiều diện tích từ nhỏ đến trung bình, toà nhà TUẤN TOÀN có thể đáp ứng được nhu cầu thuê của nhiều đối tượng khách hàng khác nhau. Ngoài ra, toà nhà còn sử dụng tầng 1 để làm khu vực để xe, mang lại sự tiện lợi cho khách hàng khi thuê văn phòng tại đây.\n🔹 2. Kết cấu văn phòng cho thuê quận Hải Châu – Toà nhà TUẤN TOÀN\n- Diện tích sàn: Khoảng 250m2\n- Diện tích sử dụng: 200 m2 mỗi tầng\n- Bãi giữ xe: Tầng trệt\n- Số thang máy: 1 thang\n🔹 3. Các chi phí Khách thuê phải trả tại Toà nhà TUẤN TOÀN\n- Tiền thuê văn phòng: USD 5.3 / m2/ tháng\n\n📞 Liên hệ xem văn phòng: 0935723727 (Nguyễn Ngọc Thiên Bình)","$ 5,3 / m2",150,"Cao Thắng, Hải Châu, Đà Nẵng",Hải Châu,Nguyễn Ngọc Thiên Bình,0935723727,,https://officedanang.vn/property/toa-nha-tuan-toan/,False
Cho thuê diện tích văn phòng 9608m2 tại TUẤN TOÀN Hải Châu,Văn phòng,"🌟 CHO THUÊ VĂN PHÒNG ĐẸP TẠI TÒA NHÀ TUẤN TOÀN 🌟\n\n📍 Địa chỉ: Cao Thắng, Hải Châu, Đà Nẵng\n📐 Diện tích cho thuê: 9608 m2 (trống suốt, ánh sáng tự nhiên tốt)\n💵 Giá thuê ưu đãi: $ 5,3 / m2/tháng\n💼 Phù hợp cho văn phòng đại diện, quy mô doanh nghiệp vừa và nhỏ.\n\n🔹 THÔNG TIN CHI TIẾT TÒA NHÀ:\n🔹 THÔNG TIN CHI TIẾT TOÀ NHÀ TUẤN TOÀN\n“Tòa nhà cho thuê với chi phí rẻ tại Đà Nẵng”\n🔹 1. Mô tả văn phòng cho thuê quận Hải Châu – Toà nhà TUẤN TOÀN\n- Toà nhà văn phòng cho thuê quận Hải Châu – Toà nhà TUẤN TOÀN nằm trên đường Cao Thắng, Phường Thanh Bình, quận Hải Châu, thành phố Đà Nẵng, tuyến đường tập trung nhiều sinh viên của Trường Đại Học Sư Phạm Kỹ Thuật.\n- Tòa nhà TUẤN TOÀN gồm 7 tầng và 1 thang máy, mỗi sàn với diện tích là 250 m2, diện tích sử dụng mỗi tầng tương đương 200 m2 , được chia làm nhiều diện tích linh hoạt như 20 m2  – 43 m2 – 150 m2 – 200 m2. Với nhiều diện tích từ nhỏ đến trung bình, toà nhà TUẤN TOÀN có thể đáp ứng được nhu cầu thuê của nhiều đối tượng khách hàng khác nhau. Ngoài ra, toà nhà còn sử dụng tầng 1 để làm khu vực để xe, mang lại sự tiện lợi cho khách hàng khi thuê văn phòng tại đây.\n🔹 2. Kết cấu văn phòng cho thuê quận Hải Châu – Toà nhà TUẤN TOÀN\n- Diện tích sàn: Khoảng 250m2\n- Diện tích sử dụng: 200 m2 mỗi tầng\n- Bãi giữ xe: Tầng trệt\n- Số thang máy: 1 thang\n🔹 3. Các chi phí Khách thuê phải trả tại Toà nhà TUẤN TOÀN\n- Tiền thuê văn phòng: USD 5.3 / m2/ tháng\n\n📞 Liên hệ xem văn phòng: 0935723727 (Nguyễn Ngọc Thiên Bình)","$ 5,3 / m2",9608,"Cao Thắng, Hải Châu, Đà Nẵng",Hải Châu,Nguyễn Ngọc Thiên Bình,0935723727,,https://officedanang.vn/property/toa-nha-tuan-toan/,False
Văn phòng làm việc 1116m2 cho thuê tại VDB Quận Hải Châu,Văn phòng,"🌟 CHO THUÊ VĂN PHÒNG ĐẸP TẠI TÒA NHÀ VDB 🌟\n\n📍 Địa chỉ: Tòa nhà Kim Sơn, 16 - 18 Phan Thành Tài, P. Bình Thuận, Q.Hải Châu, Tp. Đà Nẵng\n📐 Diện tích cho thuê: 1116 m2 (trống suốt, ánh sáng tự nhiên tốt)\n💵 Giá thuê ưu đãi: Giá từ $ 10,0 / m2/tháng\n💼 Phù hợp cho văn phòng đại diện, quy mô doanh nghiệp vừa và nhỏ.\n\n🔹 THÔNG TIN CHI TIẾT TÒA NHÀ:\n🔹 THÔNG TIN CHI TIẾT TOÀ NHÀ VDB\n🔹 1. Mô tả văn phòng cho thuê quận Hải Châu Toà nhà VDB\n- Toà nhà văn phòng cho thuê quận Hải Châu – Toà nhà VDB là tòa nhà do Ngân hàng Phát triển Việt Nam làm chủ đầu tư và được khai thác cho thuê văn phòng bởi Công ty Cổ Phần Du Lịch Đà Nẵng. Tòa nhà nằm trên đường Quang Trung, phường Thạch Thang, Quận Hải Châu, Thành phố Đà Nẵng.\n- Khu vực quanh tòa nhà VDB tập trung nhiều quán ăn, quán coffee, siêu thị và khu hành chính của thành phố Đà Nẵng.\n- Toà nhà VDB ngoài văn phòng cho thuê ở tầng 11 và tầng 12, còn có các tầng căn hộ cho thuê.\n🔹 2. Kết cấu văn phòng cho thuê quận Hải Châu Toà nhà VDB\n- Kết cấu toà nhà: 12 tầng nổi, 1 tầng hầm\n- Diện tích sàn: 450 m2\n- Khu vực để xe: 1 tầng hầm\n- Số thang máy: 2 thang\n🔹 3. Các chi phí Khách thuê phải trả tại văn phòng cho thuê quận Hải Châu Toà nhà VDB\n- Tiền thuê văn phòng: USD 10 ~ 12/m2/tháng\n\n📞 Liên hệ xem văn phòng: 0935723727 (Nguyễn Ngọc Thiên Bình)","Giá từ $ 10,0 / m2",1116,"Tòa nhà Kim Sơn, 16 - 18 Phan Thành Tài, P. Bình Thuận, Q.Hải Châu, Tp. Đà Nẵng",Hải Châu,Nguyễn Ngọc Thiên Bình,0935723727,,https://officedanang.vn/property/toa-nha-vdb-cho-thue-van-phong/,False
Văn phòng làm việc 9565m2 cho thuê tại HOME CENTER Quận Hải Châu,Văn phòng,"🌟 CHO THUÊ VĂN PHÒNG ĐẸP TẠI TÒA NHÀ HOME CENTER 🌟\n\n📍 Địa chỉ: Nguyễn Thị Minh Khai, Hải Châu, Đà Nẵng\n📐 Diện tích cho thuê: 9565 m2 (trống suốt, ánh sáng tự nhiên tốt)\n💵 Giá thuê ưu đãi: Giá từ $ 8,0 / m2/tháng\n💼 Phù hợp cho văn phòng đại diện, quy mô doanh nghiệp vừa và nhỏ.\n\n🔹 THÔNG TIN CHI TIẾT TÒA NHÀ:\n🔹 THÔNG TIN CHI TIẾT TOÀ NHÀ HOME CENTER\n🔹 1. Mô tả văn phòng cho thuê quận Hải Châu toà nhà HOME CENTER\n- Toà nhà văn phòng cho thuê quận Hải Châu – Toà nhà HOME CENTER nằm trên đường Nguyễn Thị Minh Khai, phường Hải Châu 1, quận Hải Châu, thành phố Đà Nẵng, là một trong những tuyến đường lớn tại thành phố Đà nẵng.\n- Là một trong những tòa nhà mới tại thị trường văn phòng cho thuê tại Đà Nẵng năm 2020. Tòa nhà HOME CENTER có thiết kế 10 tầng kết hợp giữa căn hộ cho thuê và văn phòng cho thuê. Diện tích sàn khoảng 215 m2 được chia làm các block từ 30 – 120 m2 thích hợp cho các đơn vị vừa và nhỏ.\n- Khu vực gần tòa nhà HOME CENTER có nhiều quán ăn và quán cà phê, đáp ứng nhu cầu ăn uống của dân công sở.\n🔹 2. Kết cấu văn phòng cho thuê quận Hải Châu toà nhà HOME CENTER\n- Diện tích sàn: Khoảng 215 m2\n- Diện tích sử dụng: 170 m2 mỗi tầng\n- Số thang máy: 1 thang\n🔹 3. Các chi phí Khách thuê phải trả tại Toà nhà HOME CENTER\n- Tiền thuê văn phòng: USD 8/m2/tháng\n- Phí dịch vụ: Đã bao gồm trong giá thuê\n\n📞 Liên hệ xem văn phòng: 0935723727 (Nguyễn Ngọc Thiên Bình)","Giá từ $ 8,0 / m2",9565,"Nguyễn Thị Minh Khai, Hải Châu, Đà Nẵng",Hải Châu,Nguyễn Ngọc Thiên Bình,0935723727,,https://officedanang.vn/property/toa-nha-home-center/,False
"Văn phòng cho thuê 93m2 tại tòa nhà DANANG SOFTWARE PARK, Hải Châu",Văn phòng,"🌟 CHO THUÊ VĂN PHÒNG ĐẸP TẠI TÒA NHÀ DANANG SOFTWARE PARK 🌟\n\n📍 Địa chỉ: Quang Trung, Hải Châu, Đà Nẵng\n📐 Diện tích cho thuê: 93 m2 (trống suốt, ánh sáng tự nhiên tốt)\n💵 Giá thuê ưu đãi: Giá từ $ 10,0 / m2/tháng\n💼 Phù hợp cho văn phòng đại diện, quy mô doanh nghiệp vừa và nhỏ.\n\n🔹 THÔNG TIN CHI TIẾT TÒA NHÀ:\n🔹 THÔNG TIN CHI TIẾT TOÀ NHÀ DANANG SOFTWARE PARK\n“Toà nhà đầu tiên tại Đà Nẵng chuyên về mảng công nghệ thông tin”\n🔹 1. Mô tả văn phòng cho thuê quận Hải Châu Toà nhà DANANG SOFTWARE (CÔNG VIÊN PHẦN MỀM)\n- Toà nhà văn phòng gần trung tâm hành chính – Toà nhà DANANG SOFTWARE (CÔNG VIÊN PHẦN MỀM) nằm trên trục đường Quang Trung, chỉ cách tòa nhà Trung tâm hành chính thành phố Đà Nẵng vài phút đi bộ, khu vực với nhiều quán cà phê, quán ăn tập trung chủ yếu của giới văn phòng.\n- Đúng với cái tên tòa nhà DANANG SOFTWARE (CÔNG VIÊN PHẦN MỀM), đây là nơi tập trung chủ yếu của các đơn vị hoạt động trong lĩnh vực công nghệ thông tin. Đồng thời, khi thuê văn phòng tại đây, các đơn vị IT, công nghệ thông tin cũng được hỗ trợ về giá thuê cũng như các chính sách ưu đãi về chỗ để xe…\n- Thiết kế gồm 21 tầng, hệ thống 4 thang máy thông minh, tự động lựa chọn thang phù hợp nhất nhằm tiết kiệm thời gian cho khách hàng.Tòa nhà DANANG SOFTWARE (CÔNG VIÊN PHẦN MỀM) luôn nhận được những phản hồi tích cực của khách hàng khi thuê văn phòng tại đây.\n🔹 2. Kết cấu văn phòng cho thuê quận Hải Châu toà nhà DANANG SOFTWARE (CÔNG VIÊN PHẦN MỀM)\n- Diện tích sàn: 1000 m2\n- Diện tích sử dụng cho thuê văn phòng: 900 m2\n- Khu vực để xe: Khuôn viên tòa nhà + Tầng hầm\n- Số thang máy: 4 thang\nTòa nhà Công Viên Phần Mềm\n\n📞 Liên hệ xem văn phòng: 0935723727 (Nguyễn Ngọc Thiên Bình)","Giá từ $ 10,0 / m2",93,"Quang Trung, Hải Châu, Đà Nẵng",Hải Châu,Nguyễn Ngọc Thiên Bình,0935723727,,https://officedanang.vn/property/toa-nha-danang-software-cong-vien-phan-mem/,False
"Cho thuê văn phòng trống 3621m2 cực đẹp ở tòa nhà DANANG SOFTWARE PARK, Hải Châu",Văn phòng,"🌟 CHO THUÊ VĂN PHÒNG ĐẸP TẠI TÒA NHÀ DANANG SOFTWARE PARK 🌟\n\n📍 Địa chỉ: Quang Trung, Hải Châu, Đà Nẵng\n📐 Diện tích cho thuê: 3621 m2 (trống suốt, ánh sáng tự nhiên tốt)\n💵 Giá thuê ưu đãi: Giá từ $ 10,0 / m2/tháng\n💼 Phù hợp cho văn phòng đại diện, quy mô doanh nghiệp vừa và nhỏ.\n\n🔹 THÔNG TIN CHI TIẾT TÒA NHÀ:\n🔹 THÔNG TIN CHI TIẾT TOÀ NHÀ DANANG SOFTWARE PARK\n“Toà nhà đầu tiên tại Đà Nẵng chuyên về mảng công nghệ thông tin”\n🔹 1. Mô tả văn phòng cho thuê quận Hải Châu Toà nhà DANANG SOFTWARE (CÔNG VIÊN PHẦN MỀM)\n- Toà nhà văn phòng gần trung tâm hành chính – Toà nhà DANANG SOFTWARE (CÔNG VIÊN PHẦN MỀM) nằm trên trục đường Quang Trung, chỉ cách tòa nhà Trung tâm hành chính thành phố Đà Nẵng vài phút đi bộ, khu vực với nhiều quán cà phê, quán ăn tập trung chủ yếu của giới văn phòng.\n- Đúng với cái tên tòa nhà DANANG SOFTWARE (CÔNG VIÊN PHẦN MỀM), đây là nơi tập trung chủ yếu của các đơn vị hoạt động trong lĩnh vực công nghệ thông tin. Đồng thời, khi thuê văn phòng tại đây, các đơn vị IT, công nghệ thông tin cũng được hỗ trợ về giá thuê cũng như các chính sách ưu đãi về chỗ để xe…\n- Thiết kế gồm 21 tầng, hệ thống 4 thang máy thông minh, tự động lựa chọn thang phù hợp nhất nhằm tiết kiệm thời gian cho khách hàng.Tòa nhà DANANG SOFTWARE (CÔNG VIÊN PHẦN MỀM) luôn nhận được những phản hồi tích cực của khách hàng khi thuê văn phòng tại đây.\n🔹 2. Kết cấu văn phòng cho thuê quận Hải Châu toà nhà DANANG SOFTWARE (CÔNG VIÊN PHẦN MỀM)\n- Diện tích sàn: 1000 m2\n- Diện tích sử dụng cho thuê văn phòng: 900 m2\n- Khu vực để xe: Khuôn viên tòa nhà + Tầng hầm\n- Số thang máy: 4 thang\nTòa nhà Công Viên Phần Mềm\n\n📞 Liên hệ xem văn phòng: 0935723727 (Nguyễn Ngọc Thiên Bình)","Giá từ $ 10,0 / m2",3621,"Quang Trung, Hải Châu, Đà Nẵng",Hải Châu,Nguyễn Ngọc Thiên Bình,0935723727,,https://officedanang.vn/property/toa-nha-danang-software-cong-vien-phan-mem/,False
Cho thuê sàn văn phòng 7m2 ở 7 OFFICE - Q. Hải Châu,Văn phòng,"🌟 CHO THUÊ VĂN PHÒNG ĐẸP TẠI TÒA NHÀ 7 OFFICE 🌟\n\n📍 Địa chỉ: Hoàng Văn Thụ, Hải Châu, Đà Nẵng\n📐 Diện tích cho thuê: 7 m2 (trống suốt, ánh sáng tự nhiên tốt)\n💵 Giá thuê ưu đãi: $ 9,0 / m2/tháng\n💼 Phù hợp cho văn phòng đại diện, quy mô doanh nghiệp vừa và nhỏ.\n\n🔹 THÔNG TIN CHI TIẾT TÒA NHÀ:\n🔹 THÔNG TIN CHI TIẾT VĂN PHÒNG CHO THUÊ TÒA NHÀ 7 OFFICE\n🔹 1. Mô tả văn phòng cho thuê quận Hải Châu Toà nhà 7 OFFICE\n- Văn phòng cho thuê quận Hải Châu – Toà nhà 7 OFFICE nằm trên đường Hoàng Văn Thụ, quận Hải Châu, thành phố Đà Nẵng. Toà nhà nằm gần cầu Rồng, khu vực yên tĩnh, an ninh.\n- Toà nhà 7 OFFICE gồm 7 tầng với diện tích thuê được chia làm các phòng nhỏ từ 30 m2 đến 150 m2 để phù hợp với nhu cầu của các đối tượng khách hàng khác nhau. Toà nhà sử dụng tầng trệt làm khu vực để xe cho khách hàng, được bố trí 2 bảo vệ đảm bảo an ninh.\n🔹 2. Kết cấu văn phòng cho thuê quận Hải Châu toà nhà 7 OFFICE\n- Kết cấu toà nhà: 07 tầng nổi\n- Khu vực đậu xe: Tầng trệt\n🔹 3. Các chi phí Khách thuê phải trả tại văn phòng cho thuê quận Hải Châu Toà nhà 7 OFFICE\n- Tiền thuê văn phòng: USD 9/m2/tháng\n- Phí dịch vụ: Đã bao gồm trong giá thuê\n- Chi phí tiền điện sử dụng\n- Chi phí gửi xe nếu vượt qua mức quy định\n\n📞 Liên hệ xem văn phòng: 0935723727 (Nguyễn Ngọc Thiên Bình)","$ 9,0 / m2",7,"Hoàng Văn Thụ, Hải Châu, Đà Nẵng",Hải Châu,Nguyễn Ngọc Thiên Bình,0935723727,,https://officedanang.vn/property/toa-nha-7-office/,False
Cho thuê sàn văn phòng 30m2 ở 7 OFFICE - Q. Hải Châu,Văn phòng,"🌟 CHO THUÊ VĂN PHÒNG ĐẸP TẠI TÒA NHÀ 7 OFFICE 🌟\n\n📍 Địa chỉ: Hoàng Văn Thụ, Hải Châu, Đà Nẵng\n📐 Diện tích cho thuê: 30 m2 (trống suốt, ánh sáng tự nhiên tốt)\n💵 Giá thuê ưu đãi: $ 9,0 / m2/tháng\n💼 Phù hợp cho văn phòng đại diện, quy mô doanh nghiệp vừa và nhỏ.\n\n🔹 THÔNG TIN CHI TIẾT TÒA NHÀ:\n🔹 THÔNG TIN CHI TIẾT VĂN PHÒNG CHO THUÊ TÒA NHÀ 7 OFFICE\n🔹 1. Mô tả văn phòng cho thuê quận Hải Châu Toà nhà 7 OFFICE\n- Văn phòng cho thuê quận Hải Châu – Toà nhà 7 OFFICE nằm trên đường Hoàng Văn Thụ, quận Hải Châu, thành phố Đà Nẵng. Toà nhà nằm gần cầu Rồng, khu vực yên tĩnh, an ninh.\n- Toà nhà 7 OFFICE gồm 7 tầng với diện tích thuê được chia làm các phòng nhỏ từ 30 m2 đến 150 m2 để phù hợp với nhu cầu của các đối tượng khách hàng khác nhau. Toà nhà sử dụng tầng trệt làm khu vực để xe cho khách hàng, được bố trí 2 bảo vệ đảm bảo an ninh.\n🔹 2. Kết cấu văn phòng cho thuê quận Hải Châu toà nhà 7 OFFICE\n- Kết cấu toà nhà: 07 tầng nổi\n- Khu vực đậu xe: Tầng trệt\n🔹 3. Các chi phí Khách thuê phải trả tại văn phòng cho thuê quận Hải Châu Toà nhà 7 OFFICE\n- Tiền thuê văn phòng: USD 9/m2/tháng\n- Phí dịch vụ: Đã bao gồm trong giá thuê\n- Chi phí tiền điện sử dụng\n- Chi phí gửi xe nếu vượt qua mức quy định\n\n📞 Liên hệ xem văn phòng: 0935723727 (Nguyễn Ngọc Thiên Bình)","$ 9,0 / m2",30,"Hoàng Văn Thụ, Hải Châu, Đà Nẵng",Hải Châu,Nguyễn Ngọc Thiên Bình,0935723727,,https://officedanang.vn/property/toa-nha-7-office/,False
Cho thuê diện tích văn phòng 9291m2 tại THÀNH AN Hải Châu,Văn phòng,"🌟 CHO THUÊ VĂN PHÒNG ĐẸP TẠI TÒA NHÀ THÀNH AN 🌟\n\n📍 Địa chỉ: Hải Hồ, Thanh Bình, Hải Châu, Đà Nẵng\n📐 Diện tích cho thuê: 9291 m2 (trống suốt, ánh sáng tự nhiên tốt)\n💵 Giá thuê ưu đãi: $ 6,0 / m2/tháng\n💼 Phù hợp cho văn phòng đại diện, quy mô doanh nghiệp vừa và nhỏ.\n\n🔹 THÔNG TIN CHI TIẾT TÒA NHÀ:\n🔹 THÔNG TIN CHI TIẾT VĂN PHÒNG CHO THUÊ TÒA NHÀ THÀNH AN\n🔹 1. Mô tả văn phòng cho thuê quận Hải Châu Toà nhà THÀNH AN\n- Văn phòng cho thuê quận Hải Châu – Toà nhà THÀNH AN nằm trên đường Hải Hồ, Phường Thanh Bình, quận Hải Châu, Thành phố Đà Nẵng. Toà nhà nằm trên tuyến đường tương đối nhỏ, tập trung chủ yếu là dân cư sinh sống.\n- Xung quanh toà nhà THÀNH AN có nhiều hàng quán ăn uống, bên cạnh đó, toà nhà cách chợ Đống Đa 500m, đáp ứng được nhu cầu ăn uống của dân văn phòng.\n🔹 2. Kết cấu văn phòng cho thuê quận Hải Châu toà nhà THÀNH AN\n- Kết cấu toà nhà: 06 tầng nổi\n- Khu vực đậu xe: Tầng trệt\n🔹 3. Các chi phí Khách thuê phải trả tại văn phòng cho thuê quận Hải Châu Toà nhà THÀNH AN\n- Tiền thuê văn phòng: USD 6 /m2/tháng\n- Phí dịch vụ: Đã bao gồm trong giá thuê\n- Chi phí tiền điện sử dụng\n- Chi phí gửi xe nếu vượt qua mức quy định\n\n📞 Liên hệ xem văn phòng: 0935723727 (Nguyễn Ngọc Thiên Bình)","$ 6,0 / m2",9291,"Hải Hồ, Thanh Bình, Hải Châu, Đà Nẵng",Hải Châu,Nguyễn Ngọc Thiên Bình,0935723727,,https://officedanang.vn/property/toa-nha-thanh-an/,False
Văn phòng làm việc 161m2 cho thuê tại BÁO LAO ĐỘNG Quận Cẩm Lệ,Văn phòng,"🌟 CHO THUÊ VĂN PHÒNG ĐẸP TẠI TÒA NHÀ BÁO LAO ĐỘNG 🌟\n\n📍 Địa chỉ: Xô Viết Nghệ Tĩnh, Cẩm Lệ, Đà Nẵng\n📐 Diện tích cho thuê: 161 m2 (trống suốt, ánh sáng tự nhiên tốt)\n💵 Giá thuê ưu đãi: $ 10,0 / m2/tháng\n💼 Phù hợp cho văn phòng đại diện, quy mô doanh nghiệp vừa và nhỏ.\n\n🔹 THÔNG TIN CHI TIẾT TÒA NHÀ:\n🔹 THÔNG TIN CHI TIẾT TOÀ NHÀ BÁO LAO ĐỘNG\n“Tòa nhà văn phòng cho thuê thuộc quản lý của Báo Lao Động”\n🔹 1. Mô tả toà nhà BÁO LAO ĐỘNG\n- Toà nhà văn phòng cho thuê quận Hải Châu – Toà nhà BÁO LAO ĐỘNG nằm trên trục đường Xô Viết Nghệ Tĩnh, Phường Hoà Cường, Thành phố Đà Nẵng. Là tuyến đường của những toà nhà văn phòng cho thuê với quy mô vừa và nhỏ. Đây cũng là tuyến đường tập trung nhiều toà nhà văn phòng nhất tại thành phố Đà nẵng.\n- Toà nhà BÁO LAO ĐỘNG được xây dựng trên lô đất có diện tích hơn 500m2 với quy mô 8 tầng nổi và 1 hầm để xe. Toà nhà khai thác văn phòng cho thuê từ tầng 1 đến tầng 6, và tầng 8. Riêng tầng 7 được sử dụng để làm văn phòng làm việc của các phóng viên và phòng ban của Báo Lao Động tại khu vực miền Trung.\n\n📞 Liên hệ xem văn phòng: 0935723727 (Nguyễn Ngọc Thiên Bình)","$ 10,0 / m2",161,"Xô Viết Nghệ Tĩnh, Cẩm Lệ, Đà Nẵng",Cẩm Lệ,Nguyễn Ngọc Thiên Bình,0935723727,,https://officedanang.vn/property/toa-nha-bao-lao-dong/,False
"Cho thuê văn phòng trống 170m2 cực đẹp ở tòa nhà BÁO LAO ĐỘNG, Cẩm Lệ",Văn phòng,"🌟 CHO THUÊ VĂN PHÒNG ĐẸP TẠI TÒA NHÀ BÁO LAO ĐỘNG 🌟\n\n📍 Địa chỉ: Xô Viết Nghệ Tĩnh, Cẩm Lệ, Đà Nẵng\n📐 Diện tích cho thuê: 170 m2 (trống suốt, ánh sáng tự nhiên tốt)\n💵 Giá thuê ưu đãi: $ 10,0 / m2/tháng\n💼 Phù hợp cho văn phòng đại diện, quy mô doanh nghiệp vừa và nhỏ.\n\n🔹 THÔNG TIN CHI TIẾT TÒA NHÀ:\n🔹 THÔNG TIN CHI TIẾT TOÀ NHÀ BÁO LAO ĐỘNG\n“Tòa nhà văn phòng cho thuê thuộc quản lý của Báo Lao Động”\n🔹 1. Mô tả toà nhà BÁO LAO ĐỘNG\n- Toà nhà văn phòng cho thuê quận Hải Châu – Toà nhà BÁO LAO ĐỘNG nằm trên trục đường Xô Viết Nghệ Tĩnh, Phường Hoà Cường, Thành phố Đà Nẵng. Là tuyến đường của những toà nhà văn phòng cho thuê với quy mô vừa và nhỏ. Đây cũng là tuyến đường tập trung nhiều toà nhà văn phòng nhất tại thành phố Đà nẵng.\n- Toà nhà BÁO LAO ĐỘNG được xây dựng trên lô đất có diện tích hơn 500m2 với quy mô 8 tầng nổi và 1 hầm để xe. Toà nhà khai thác văn phòng cho thuê từ tầng 1 đến tầng 6, và tầng 8. Riêng tầng 7 được sử dụng để làm văn phòng làm việc của các phóng viên và phòng ban của Báo Lao Động tại khu vực miền Trung.\n\n📞 Liên hệ xem văn phòng: 0935723727 (Nguyễn Ngọc Thiên Bình)","$ 10,0 / m2",170,"Xô Viết Nghệ Tĩnh, Cẩm Lệ, Đà Nẵng",Cẩm Lệ,Nguyễn Ngọc Thiên Bình,0935723727,,https://officedanang.vn/property/toa-nha-bao-lao-dong/,False
"Cho thuê văn phòng trống 226m2 cực đẹp ở tòa nhà BÁO LAO ĐỘNG, Cẩm Lệ",Văn phòng,"🌟 CHO THUÊ VĂN PHÒNG ĐẸP TẠI TÒA NHÀ BÁO LAO ĐỘNG 🌟\n\n📍 Địa chỉ: Xô Viết Nghệ Tĩnh, Cẩm Lệ, Đà Nẵng\n📐 Diện tích cho thuê: 226 m2 (trống suốt, ánh sáng tự nhiên tốt)\n💵 Giá thuê ưu đãi: $ 10,0 / m2/tháng\n💼 Phù hợp cho văn phòng đại diện, quy mô doanh nghiệp vừa và nhỏ.\n\n🔹 THÔNG TIN CHI TIẾT TÒA NHÀ:\n🔹 THÔNG TIN CHI TIẾT TOÀ NHÀ BÁO LAO ĐỘNG\n“Tòa nhà văn phòng cho thuê thuộc quản lý của Báo Lao Động”\n🔹 1. Mô tả toà nhà BÁO LAO ĐỘNG\n- Toà nhà văn phòng cho thuê quận Hải Châu – Toà nhà BÁO LAO ĐỘNG nằm trên trục đường Xô Viết Nghệ Tĩnh, Phường Hoà Cường, Thành phố Đà Nẵng. Là tuyến đường của những toà nhà văn phòng cho thuê với quy mô vừa và nhỏ. Đây cũng là tuyến đường tập trung nhiều toà nhà văn phòng nhất tại thành phố Đà nẵng.\n- Toà nhà BÁO LAO ĐỘNG được xây dựng trên lô đất có diện tích hơn 500m2 với quy mô 8 tầng nổi và 1 hầm để xe. Toà nhà khai thác văn phòng cho thuê từ tầng 1 đến tầng 6, và tầng 8. Riêng tầng 7 được sử dụng để làm văn phòng làm việc của các phóng viên và phòng ban của Báo Lao Động tại khu vực miền Trung.\n\n📞 Liên hệ xem văn phòng: 0935723727 (Nguyễn Ngọc Thiên Bình)","$ 10,0 / m2",226,"Xô Viết Nghệ Tĩnh, Cẩm Lệ, Đà Nẵng",Cẩm Lệ,Nguyễn Ngọc Thiên Bình,0935723727,,https://officedanang.vn/property/toa-nha-bao-lao-dong/,False
"Cho thuê văn phòng 9902m2 tại BÁO LAO ĐỘNG - Quận Cẩm Lệ, Đà Nẵng",Văn phòng,"🌟 CHO THUÊ VĂN PHÒNG ĐẸP TẠI TÒA NHÀ BÁO LAO ĐỘNG 🌟\n\n📍 Địa chỉ: Xô Viết Nghệ Tĩnh, Cẩm Lệ, Đà Nẵng\n📐 Diện tích cho thuê: 9902 m2 (trống suốt, ánh sáng tự nhiên tốt)\n💵 Giá thuê ưu đãi: $ 10,0 / m2/tháng\n💼 Phù hợp cho văn phòng đại diện, quy mô doanh nghiệp vừa và nhỏ.\n\n🔹 THÔNG TIN CHI TIẾT TÒA NHÀ:\n🔹 THÔNG TIN CHI TIẾT TOÀ NHÀ BÁO LAO ĐỘNG\n“Tòa nhà văn phòng cho thuê thuộc quản lý của Báo Lao Động”\n🔹 1. Mô tả toà nhà BÁO LAO ĐỘNG\n- Toà nhà văn phòng cho thuê quận Hải Châu – Toà nhà BÁO LAO ĐỘNG nằm trên trục đường Xô Viết Nghệ Tĩnh, Phường Hoà Cường, Thành phố Đà Nẵng. Là tuyến đường của những toà nhà văn phòng cho thuê với quy mô vừa và nhỏ. Đây cũng là tuyến đường tập trung nhiều toà nhà văn phòng nhất tại thành phố Đà nẵng.\n- Toà nhà BÁO LAO ĐỘNG được xây dựng trên lô đất có diện tích hơn 500m2 với quy mô 8 tầng nổi và 1 hầm để xe. Toà nhà khai thác văn phòng cho thuê từ tầng 1 đến tầng 6, và tầng 8. Riêng tầng 7 được sử dụng để làm văn phòng làm việc của các phóng viên và phòng ban của Báo Lao Động tại khu vực miền Trung.\n\n📞 Liên hệ xem văn phòng: 0935723727 (Nguyễn Ngọc Thiên Bình)","$ 10,0 / m2",9902,"Xô Viết Nghệ Tĩnh, Cẩm Lệ, Đà Nẵng",Cẩm Lệ,Nguyễn Ngọc Thiên Bình,0935723727,,https://officedanang.vn/property/toa-nha-bao-lao-dong/,False
"Cho thuê văn phòng trống 9586m2 cực đẹp ở tòa nhà BẠCH ĐẰNG, Hải Châu",Văn phòng,"🌟 CHO THUÊ VĂN PHÒNG ĐẸP TẠI TÒA NHÀ BẠCH ĐẰNG 🌟\n\n📍 Địa chỉ: Xô Viết Nghệ Tĩnh, Hoà Cường Nam, Hải Châu, Đà Nẵng\n📐 Diện tích cho thuê: 9586 m2 (trống suốt, ánh sáng tự nhiên tốt)\n💵 Giá thuê ưu đãi: $ 5,0 / m2/tháng\n💼 Phù hợp cho văn phòng đại diện, quy mô doanh nghiệp vừa và nhỏ.\n\n🔹 THÔNG TIN CHI TIẾT TÒA NHÀ:\n🔹 THÔNG TIN CHI TIẾT TOÀ NHÀ BẠCH ĐẰNG\n“Tòa nhà với giá thuê cực tốt, miễn phí hoàn toàn chi phí để xe”\n🔹 1. Mô tả văn phòng cho thuê quận Hải Châu toà nhà Bạch Đằng\n- Toà nhà văn phòng cho thuê quận Hải Châu – Toà nhà Bạch Đằng nằm trên trục đường Xô Viết Nghệ Tĩnh, là một trong những tòa nhà có giá thuê tốt nhất tại thị trường Đà nẵng.\n- Tòa nhà với thiết kế 7 tầng, diện tích sàn mỗi tầng tương đương 270 m2, được chia làm 2 phòng. Tòa nhà miễn phí hoàn toàn chi phí để xe cho khách hàng thuê tại tòa nhà.\n- Tòa nhà Bạch Đằng do công ty Cổ phần Xây dựng và Đầu tư phát triển Bạch Đằng làm chủ đầu tư và trực tiếp quản lý vận hành, với 4 năm hoạt động, tòa nhà luôn là sự lựa chọn ưu tiên của các đơn vị hoạt động tại thị trường Khuê Trung, Hòa Cường Bắc.\n- Tòa nhà cũng là nơi đặt trụ sở của công ty Thiết kế Winhouse, Công ty SunLaw, công ty Đại Thắng… và các công ty IT khác.\n🔹 2. Kết cấu văn phòng cho thuê quận Hải Châu toà nhà Bạch Đằng\n- Diện tích sàn: Khoảng 270m2\n- Diện tích sử dụng: Khoảng 220m2 mỗi tầng\n- Bãi giữ xe: Tầng 1 toà nhà\n- Số thang máy: 1 thang\n\n📞 Liên hệ xem văn phòng: 0935723727 (Nguyễn Ngọc Thiên Bình)","$ 5,0 / m2",9586,"Xô Viết Nghệ Tĩnh, Hoà Cường Nam, Hải Châu, Đà Nẵng",Hải Châu,Nguyễn Ngọc Thiên Bình,0935723727,,https://officedanang.vn/property/toa-nha-bach-dang/,False
"Văn phòng cho thuê 200m2 tại tòa nhà THE HOURS, Hải Châu",Văn phòng,"🌟 CHO THUÊ VĂN PHÒNG ĐẸP TẠI TÒA NHÀ THE HOURS 🌟\n\n📍 Địa chỉ: Nguyễn Tri Phương, P. Hoà Thuận Nam, Q. Hải Châu, Tp. Đà Nẵng\n📐 Diện tích cho thuê: 200 m2 (trống suốt, ánh sáng tự nhiên tốt)\n💵 Giá thuê ưu đãi: Giá từ $ 9,0 / /m2/tháng\n💼 Phù hợp cho văn phòng đại diện, quy mô doanh nghiệp vừa và nhỏ.\n\n🔹 THÔNG TIN CHI TIẾT TÒA NHÀ:\n🔹 THÔNG TIN CHI TIẾT TOÀ NHÀ THE HOURS\n“Toà nhà mới với giá thuê tương đối tốt quận Hải Châu”\n🔹 1. Mô tả văn phòng quận Hải Châu Toà nhà THE HOURS\n- Toà nhà văn phòng cho thuê tại Hải Châu – Toà nhà THE HOURS nằm trên đường Nguyễn Tri Phương, Phường Hoà Thuận Nam, Quận Hải Châu, Thành phố Đà Nẵng. Toà nhà THE HOURS gồm 7 tầng với diện tích sàn mỗi tầng 330 m2, diện tích sử dụng tương đương 260 m2. Toà nhà ưu tiên cho thuê nguyên sàn và không chia nhỏ diện tích. Bãi để xe trong toà nhà tương đối nhỏ tuy nhiên, toà nhà lại có nhiều không gian cho bãi để xe ở khu vực xung quanh.\n- Toà nhà THE HOURS là toà nhà văn phòng hiếm hoi nằm trên tuyến đường Nguyễn Tri Phương. Toà nhà vừa mới hoàn thành và dự kiến đi vào hoạt động vào Quý 3/2024.\n- Toà nhà THE HOURS nằm trong khu vực Quân đội nên tương đối an ninh.\n🔹 2. Kết cấu Toà nhà THE HOURS – Toà nhà văn phòng\n- Số tầng của toà nhà: 07 tầng\n- Diện tích sàn: Khoảng 330 m2\n- Diện tích sử dụng mỗi tầng: 260 m2\n- Số thang máy: 01 thang\n- Khu vực để xe: Tầng 1 và các bãi lân cận\n\n📞 Liên hệ xem văn phòng: 0935723727 (Nguyễn Ngọc Thiên Bình)","Giá từ $ 9,0 / /m2",200,"Nguyễn Tri Phương, P. Hoà Thuận Nam, Q. Hải Châu, Tp. Đà Nẵng",Hải Châu,Nguyễn Ngọc Thiên Bình,0935723727,,https://officedanang.vn/property/toa-nha-the-hours/,False
Văn phòng làm việc 260m2 cho thuê tại THE HOURS Quận Hải Châu,Văn phòng,"🌟 CHO THUÊ VĂN PHÒNG ĐẸP TẠI TÒA NHÀ THE HOURS 🌟\n\n📍 Địa chỉ: Nguyễn Tri Phương, P. Hoà Thuận Nam, Q. Hải Châu, Tp. Đà Nẵng\n📐 Diện tích cho thuê: 260 m2 (trống suốt, ánh sáng tự nhiên tốt)\n💵 Giá thuê ưu đãi: Giá từ $ 9,0 / /m2/tháng\n💼 Phù hợp cho văn phòng đại diện, quy mô doanh nghiệp vừa và nhỏ.\n\n🔹 THÔNG TIN CHI TIẾT TÒA NHÀ:\n🔹 THÔNG TIN CHI TIẾT TOÀ NHÀ THE HOURS\n“Toà nhà mới với giá thuê tương đối tốt quận Hải Châu”\n🔹 1. Mô tả văn phòng quận Hải Châu Toà nhà THE HOURS\n- Toà nhà văn phòng cho thuê tại Hải Châu – Toà nhà THE HOURS nằm trên đường Nguyễn Tri Phương, Phường Hoà Thuận Nam, Quận Hải Châu, Thành phố Đà Nẵng. Toà nhà THE HOURS gồm 7 tầng với diện tích sàn mỗi tầng 330 m2, diện tích sử dụng tương đương 260 m2. Toà nhà ưu tiên cho thuê nguyên sàn và không chia nhỏ diện tích. Bãi để xe trong toà nhà tương đối nhỏ tuy nhiên, toà nhà lại có nhiều không gian cho bãi để xe ở khu vực xung quanh.\n- Toà nhà THE HOURS là toà nhà văn phòng hiếm hoi nằm trên tuyến đường Nguyễn Tri Phương. Toà nhà vừa mới hoàn thành và dự kiến đi vào hoạt động vào Quý 3/2024.\n- Toà nhà THE HOURS nằm trong khu vực Quân đội nên tương đối an ninh.\n🔹 2. Kết cấu Toà nhà THE HOURS – Toà nhà văn phòng\n- Số tầng của toà nhà: 07 tầng\n- Diện tích sàn: Khoảng 330 m2\n- Diện tích sử dụng mỗi tầng: 260 m2\n- Số thang máy: 01 thang\n- Khu vực để xe: Tầng 1 và các bãi lân cận\n\n📞 Liên hệ xem văn phòng: 0935723727 (Nguyễn Ngọc Thiên Bình)","Giá từ $ 9,0 / /m2",260,"Nguyễn Tri Phương, P. Hoà Thuận Nam, Q. Hải Châu, Tp. Đà Nẵng",Hải Châu,Nguyễn Ngọc Thiên Bình,0935723727,,https://officedanang.vn/property/toa-nha-the-hours/,False
"Văn phòng cho thuê 9383m2 tại tòa nhà THE HOURS, Hải Châu",Văn phòng,"🌟 CHO THUÊ VĂN PHÒNG ĐẸP TẠI TÒA NHÀ THE HOURS 🌟\n\n📍 Địa chỉ: Nguyễn Tri Phương, P. Hoà Thuận Nam, Q. Hải Châu, Tp. Đà Nẵng\n📐 Diện tích cho thuê: 9383 m2 (trống suốt, ánh sáng tự nhiên tốt)\n💵 Giá thuê ưu đãi: Giá từ $ 9,0 / /m2/tháng\n💼 Phù hợp cho văn phòng đại diện, quy mô doanh nghiệp vừa và nhỏ.\n\n🔹 THÔNG TIN CHI TIẾT TÒA NHÀ:\n🔹 THÔNG TIN CHI TIẾT TOÀ NHÀ THE HOURS\n“Toà nhà mới với giá thuê tương đối tốt quận Hải Châu”\n🔹 1. Mô tả văn phòng quận Hải Châu Toà nhà THE HOURS\n- Toà nhà văn phòng cho thuê tại Hải Châu – Toà nhà THE HOURS nằm trên đường Nguyễn Tri Phương, Phường Hoà Thuận Nam, Quận Hải Châu, Thành phố Đà Nẵng. Toà nhà THE HOURS gồm 7 tầng với diện tích sàn mỗi tầng 330 m2, diện tích sử dụng tương đương 260 m2. Toà nhà ưu tiên cho thuê nguyên sàn và không chia nhỏ diện tích. Bãi để xe trong toà nhà tương đối nhỏ tuy nhiên, toà nhà lại có nhiều không gian cho bãi để xe ở khu vực xung quanh.\n- Toà nhà THE HOURS là toà nhà văn phòng hiếm hoi nằm trên tuyến đường Nguyễn Tri Phương. Toà nhà vừa mới hoàn thành và dự kiến đi vào hoạt động vào Quý 3/2024.\n- Toà nhà THE HOURS nằm trong khu vực Quân đội nên tương đối an ninh.\n🔹 2. Kết cấu Toà nhà THE HOURS – Toà nhà văn phòng\n- Số tầng của toà nhà: 07 tầng\n- Diện tích sàn: Khoảng 330 m2\n- Diện tích sử dụng mỗi tầng: 260 m2\n- Số thang máy: 01 thang\n- Khu vực để xe: Tầng 1 và các bãi lân cận\n\n📞 Liên hệ xem văn phòng: 0935723727 (Nguyễn Ngọc Thiên Bình)","Giá từ $ 9,0 / /m2",9383,"Nguyễn Tri Phương, P. Hoà Thuận Nam, Q. Hải Châu, Tp. Đà Nẵng",Hải Châu,Nguyễn Ngọc Thiên Bình,0935723727,,https://officedanang.vn/property/toa-nha-the-hours/,False
"Văn phòng cho thuê 9738m2 tại tòa nhà KIM SƠN, Hải Châu",Văn phòng,"🌟 CHO THUÊ VĂN PHÒNG ĐẸP TẠI TÒA NHÀ KIM SƠN 🌟\n\n📍 Địa chỉ: Phan Thành Tài, Hải Châu, Đà Nẵng\n📐 Diện tích cho thuê: 9738 m2 (trống suốt, ánh sáng tự nhiên tốt)\n💵 Giá thuê ưu đãi: $ 9,0 / m2/tháng\n💼 Phù hợp cho văn phòng đại diện, quy mô doanh nghiệp vừa và nhỏ.\n\n🔹 THÔNG TIN CHI TIẾT TÒA NHÀ:\n🔹 THÔNG TIN CHI TIẾT TOÀ NHÀ KIM SƠN\n🔹 1. Mô tả văn phòng cho thuê quận Hải Châu Toà nhà KIM SƠN\n- Toà nhà văn phòng cho thuê quận Hải Châu – Toà nhà KIM SƠN nằm ở tuyến đường Phan Thành Tài được đánh giá là khá yên tĩnh, không quá đông đúc xe cộ qua lại tuy nhiên vẫn kết nối đến các tuyến đường trung tâm. Tuyến đường rất phù hợp cho các công ty muốn có chỗ để xe oto bên ngoài thoải mái.\n- Là tòa nhà văn phòng cho thuê không quá lớn và có 3 tầng là được sử dụng dành cho công ty Kim Sơn chủ đầu tư của toà nhà, các tầng còn lại từ tầng 1 đến tầng 6 toà nhà Kim Sơn khai thác cho việc làm văn phòng cho thuê\n- Toà nhà có bãi đỗ xe riêng là tầng 1 của toà nhà, khu vực xung quanh toà nhà cũng có rất nhiều quán ăn và quán cà phê, rất thích hợp cho các công ty thích sự yên tĩnh nhưng vẫn là khu vực trung tâm đầy đủ dịch vụ.\n- Chủ nhà khá dễ thương và thân thiện với những nhu cầu đặc biệt của khách hàng. Bên cạnh đó tòa nhà thuộc nhóm văn phòng cho thuê giá rẻ tại Đà Nẵng\n🔹 2. Kết cấu văn phòng cho thuê quận Hải Châu Toà nhà KIM SƠN\n- Diện tích mỗi sàn: 200 m2\n- Diện tích cho thuê: Khoảng 130 m2 mỗi sàn\n- Khu vực giữ xe: Tầng 1 và phía trước toà nhà\n- Số thang máy: 1 thang\n🔹 3. Các chi phí Khách thuê phải trả tại Toà nhà KIM SƠN\n\n📞 Liên hệ xem văn phòng: 0935723727 (Nguyễn Ngọc Thiên Bình)","$ 9,0 / m2",9738,"Phan Thành Tài, Hải Châu, Đà Nẵng",Hải Châu,Nguyễn Ngọc Thiên Bình,0935723727,,https://officedanang.vn/property/toa-nha-kim-son/,False
"Văn phòng cho thuê 5475m2 tại tòa nhà SEAHORSE, Hải Châu",Văn phòng,"🌟 CHO THUÊ VĂN PHÒNG ĐẸP TẠI TÒA NHÀ SEAHORSE 🌟\n\n📍 Địa chỉ: Yên Bái, Hải Châu, Đà Nẵng\n📐 Diện tích cho thuê: 5475 m2 (trống suốt, ánh sáng tự nhiên tốt)\n💵 Giá thuê ưu đãi: $ 9.000.000,0 / /phòng/tháng\n💼 Phù hợp cho văn phòng đại diện, quy mô doanh nghiệp vừa và nhỏ.\n\n🔹 THÔNG TIN CHI TIẾT TÒA NHÀ:\n🔹 THÔNG TIN CHI TIẾT TOÀ NHÀ SEAHORSE\n“Tòa nhà văn phòng thiết kế sẵn bàn ghế kết hợp với căn hộ cho thuê”\n🔹 1. Mô tả văn phòng cho thuê quận Hải Châu toà nhà SEAHORSE\n- Toà nhà văn phòng cho thuê quận Hải Châu – Toà nhà SEAHORSE tọa lạc trên đường Yên Bái, Phường Hải Châu 1, Quận Hải Châu, Thành phố Đà Nẵng. Là tòa nhà văn phòng theo phong cách thiết kế sẵn bàn ghế nhằm tiết kiệm chi phí ban đầu cho các đơn vị thuê, Tòa nhà SEAHORSE thích hợp đối với các công ty có số lượng nhân viên từ 10 nhân sự đổ lại.\n- Các văn phòng tại tòa nhà SEAHORSE đều được thiết kế sẵn bàn ghế, bố trí máy in cho từng đơn vị thuê. Bên cạnh đó, khi thuê văn phòng, khách hàng còn được miễn phí sử dụng phòng họp 15 giờ/tháng, được dọn vệ sinh văn phòng 2 lần/tuần.\n- Ngoài văn phòng cho thuê, tòa nhà SEAHORSE còn có các căn hộ cho thuê và hồ bơi tại tầng trên cùng của tòa nhà.\n🔹 2. Kết cấu văn phòng cho thuê quận Hải Châu toà nhà SEAHORSE\n- Số tầng của toà nhà: 1 tầng hầm, 11 tầng nổi\n- Diện tích cho thuê: từ 15 – 30 m2\n- Số tầng hầm: 1 tầng hầm\n- Số thang máy: 2 thang\n🔹 3. Các chi phí Khách thuê phải trả tại văn phòng cho thuê quận Hải Châu Toà nhà SEAHORSE\n\n📞 Liên hệ xem văn phòng: 0935723727 (Nguyễn Ngọc Thiên Bình)","$ 9.000.000,0 / /phòng",5475,"Yên Bái, Hải Châu, Đà Nẵng",Hải Châu,Nguyễn Ngọc Thiên Bình,0935723727,,https://officedanang.vn/property/toa-nha-seahorse/,False
Cho thuê sàn văn phòng 30m2 ở MISA ĐÀ NẴNG - Q. Hải Châu,Văn phòng,"🌟 CHO THUÊ VĂN PHÒNG ĐẸP TẠI TÒA NHÀ MISA ĐÀ NẴNG 🌟\n\n📍 Địa chỉ: đường 30/4, phường Hòa Cường Bắc, quận Hải Châu, Thành phố Đà Nẵng.\n📐 Diện tích cho thuê: 30 m2 (trống suốt, ánh sáng tự nhiên tốt)\n💵 Giá thuê ưu đãi: $ 11,0 / m2/tháng\n💼 Phù hợp cho văn phòng đại diện, quy mô doanh nghiệp vừa và nhỏ.\n\n🔹 THÔNG TIN CHI TIẾT TÒA NHÀ:\n🔹 THÔNG TIN CHI TIẾT TOÀ NHÀ MISA\n“Toà nhà lớn mới nhất trên cung đường 30 tháng 4 tại Đà Nẵng”\n🔹 1. Mô tả văn phòng quận Hải Châu Toà nhà MISA\n- Toà nhà văn phòng cho thuê tại Hải Châu – Toà nhà MISA nằm trục đường 30 tháng 4, gần quảng trường 2 tháng 9 và giao lộ 30 tháng 4 – Núi Thành. Đường 30 tháng 4 là tuyến đường giao thông trọng điểm. Đường 30 tháng 4 là đường hai chiều với nhiều làn đường xe, và có nhiều khu vực đậu đỗ ô tô\n- Toà nhà đang trong quá trình xây dựng, ngày 10 tháng 5 năm 2023 Công ty CP MISA đã tổ chức Lễ khởi công xây dựng Tòa nhà văn phòng MISA\n🔹 2. Kết cấu Toà nhà MISA – Toà nhà văn phòng\n- Số tầng của toà nhà: 15 tầng nổi + 02 tầng hầm + 01 tầng kỹ thuật\n- Diện tích sàn: Khoảng 360 m2\n- Tổng diện tích sàn: 6000 m2\n- Số thang máy: Chưa có thông tin\n- Dự kiến ngày hoàn thành: Q3/2024\n🔹 3. Các chi phí Khách thuê phải trả tại Toà nhà MISA\n\n📞 Liên hệ xem văn phòng: 0935723727 (Nguyễn Ngọc Thiên Bình)","$ 11,0 / m2",30,"đường 30/4, phường Hòa Cường Bắc, quận Hải Châu, Thành phố Đà Nẵng.",Hải Châu,Nguyễn Ngọc Thiên Bình,0935723727,,https://officedanang.vn/property/toa-nha-misa-da-nang/,False
Cho thuê sàn văn phòng 3206m2 ở LOGISTICS - Q. Sơn Trà,Văn phòng,"🌟 CHO THUÊ VĂN PHÒNG ĐẸP TẠI TÒA NHÀ LOGISTICS 🌟\n\n📍 Địa chỉ: Trần Hưng Đạo, An Hải Trung, Sơn Trà, Đà Nẵng\n📐 Diện tích cho thuê: 3206 m2 (trống suốt, ánh sáng tự nhiên tốt)\n💵 Giá thuê ưu đãi: $ 11,0 / m2/tháng\n💼 Phù hợp cho văn phòng đại diện, quy mô doanh nghiệp vừa và nhỏ.\n\n🔹 THÔNG TIN CHI TIẾT TÒA NHÀ:\n🔹 THÔNG TIN CHI TIẾT TOÀ NHÀ LOGISTICS / ASIATRANS\n“Toà nhà văn phòng duy nhất trên tuyến đường Trần Hưng Đạo”\n🔹 1. Mô tả văn phòng cho thuê quận Sơn Trà toà nhà LOGISTICS / ASIATRANS\n- Toà nhà văn phòng cho thuê quận Sơn Trà – Toà nhà LOGISTICS / ASIATRANS nằm trên đường Trần Hưng Đạo, gần Cầu Tình Yêu, chợ đêm Sơn Trà – khu vực tập trung nhiều khu ăn uống, giải trí.\n- Với thiết kế 7 tầng, mỗi sàn với diện tích tương đương 250 m2, tòa nhà là nơi đặt trụ sở của nhiều công ty liên quan đến lĩnh vực du lịch, vận chuyển.\n- Chỉ cách trung tâm thành phố 1 cây cầu, Tòa nhà LOGISTICS / ASIATRANS cũng là một lựa chọn tốt cho khách hàng để giảm thiểu chi phí thuê văn phòng khi mà giá thuê tại các tòa nhà ở trung tâm thành phố ngày càng cao.\n🔹 2. Kết cấu văn phòng cho thuê quận Sơn Trà toà nhà LOGISTICS / ASIATRANS\n- Kết cấu toà nhà: 1 tầng hầm, 7 tầng nổi\n- Diện tích sàn sử dụng văn phòng: 180m2\n- Khu vực đỗ xe: 1 tầng hầm\n- Số thang máy: 2 thang\n🔹 3. Các chi phí Khách thuê phải trả tại văn phòng cho thuê quận Sơn Trà Toà nhà LOGISTICS / ASIATRANS\n\n📞 Liên hệ xem văn phòng: 0935723727 (Nguyễn Ngọc Thiên Bình)","$ 11,0 / m2",3206,"Trần Hưng Đạo, An Hải Trung, Sơn Trà, Đà Nẵng",Sơn Trà,Nguyễn Ngọc Thiên Bình,0935723727,,https://officedanang.vn/property/toa-nha-logistics/,False
Cho thuê diện tích văn phòng 1m2 tại CLOUD 9 Hải Châu,Văn phòng,"🌟 CHO THUÊ VĂN PHÒNG ĐẸP TẠI TÒA NHÀ CLOUD 9 🌟\n\n📍 Địa chỉ: Lê Lợi, Hải Châu 1, Q. Hải Châu, Đà Nẵng\n📐 Diện tích cho thuê: 1 m2 (trống suốt, ánh sáng tự nhiên tốt)\n💵 Giá thuê ưu đãi: $ 10,0 / m2/tháng\n💼 Phù hợp cho văn phòng đại diện, quy mô doanh nghiệp vừa và nhỏ.\n\n🔹 THÔNG TIN CHI TIẾT TÒA NHÀ:\n🔹 THÔNG TIN CHI TIẾT TOÀ NHÀ CLOUD 9\n“Tòa nhà mới với mức giá hời ở trung tâm thành phố”\n🔹 1. Mô tả văn phòng cho thuê quận Hải Châu toà nhà Cloud 9\n- Toà nhà văn phòng cho thuê quận Hải Châu – Toà nhà CLOUD 9 tọa lạc trên đường Lê Lợi, Phường Thạch Thang, Quận Hải Châu, Thành phố Đà Nẵng. Tòa nhà CLOUD 9 nằm ngay gần ngã 4 đường Pasteur và Lê Lợi, do vậy, mặc dù nằm trên tuyến đường 1 chiều nhưng việc di chuyển đến tòa nhà khá thuận tiên.\n- Có nhiều quán ăn uống, cửa hàng tiện lợi, ngân hàng,… ở các con đường liền kề gần khu vực xung quanh toà nhà CLOUD 9\n- Ngoài khu vực văn phòng cho thuê Tòa nhà CLOUD 9 còn có khu vực căn hộ cho thuê từ tầng 6 đến tầng 9.\n🔹 2. Kết cấu văn phòng cho thuê quận Hải Châu toà nhà CLOUD 9\n- Số tầng của toà nhà: 1 tầng hầm, 9 tầng nổi, trong đó có 5 dành cho khối văn phòng cho thuê, 4 tầng còn lại là khu vực căn hộ cho thuê.\n- Diện tích sàn sử dụng văn phòng: 280m2\n- Số tầng hầm: 1 tầng hầm\n- Số thang máy: 2 thang\n🔹 3. Các chi phí Khách thuê phải trả tại văn phòng cho thuê quận Hải Châu Toà nhà CLOUD 9\n\n📞 Liên hệ xem văn phòng: 0935723727 (Nguyễn Ngọc Thiên Bình)","$ 10,0 / m2",1,"Lê Lợi, Hải Châu 1, Q. Hải Châu, Đà Nẵng",Hải Châu,Nguyễn Ngọc Thiên Bình,0935723727,,https://officedanang.vn/property/toa-nha-cloud-9-van-phong-cho-thue/,False
"Văn phòng cho thuê 220m2 tại tòa nhà CLOUD 9, Hải Châu",Văn phòng,"🌟 CHO THUÊ VĂN PHÒNG ĐẸP TẠI TÒA NHÀ CLOUD 9 🌟\n\n📍 Địa chỉ: Lê Lợi, Hải Châu 1, Q. Hải Châu, Đà Nẵng\n📐 Diện tích cho thuê: 220 m2 (trống suốt, ánh sáng tự nhiên tốt)\n💵 Giá thuê ưu đãi: 262.000 đ / m2/tháng\n💼 Phù hợp cho văn phòng đại diện, quy mô doanh nghiệp vừa và nhỏ.\n\n🔹 THÔNG TIN CHI TIẾT TÒA NHÀ:\n🔹 THÔNG TIN CHI TIẾT TOÀ NHÀ CLOUD 9\n“Tòa nhà mới với mức giá hời ở trung tâm thành phố”\n🔹 1. Mô tả văn phòng cho thuê quận Hải Châu toà nhà Cloud 9\n- Toà nhà văn phòng cho thuê quận Hải Châu – Toà nhà CLOUD 9 tọa lạc trên đường Lê Lợi, Phường Thạch Thang, Quận Hải Châu, Thành phố Đà Nẵng. Tòa nhà CLOUD 9 nằm ngay gần ngã 4 đường Pasteur và Lê Lợi, do vậy, mặc dù nằm trên tuyến đường 1 chiều nhưng việc di chuyển đến tòa nhà khá thuận tiên.\n- Có nhiều quán ăn uống, cửa hàng tiện lợi, ngân hàng,… ở các con đường liền kề gần khu vực xung quanh toà nhà CLOUD 9\n- Ngoài khu vực văn phòng cho thuê Tòa nhà CLOUD 9 còn có khu vực căn hộ cho thuê từ tầng 6 đến tầng 9.\n🔹 2. Kết cấu văn phòng cho thuê quận Hải Châu toà nhà CLOUD 9\n- Số tầng của toà nhà: 1 tầng hầm, 9 tầng nổi, trong đó có 5 dành cho khối văn phòng cho thuê, 4 tầng còn lại là khu vực căn hộ cho thuê.\n- Diện tích sàn sử dụng văn phòng: 280m2\n- Số tầng hầm: 1 tầng hầm\n- Số thang máy: 2 thang\n\n📞 Liên hệ xem văn phòng: 0935.723.727 (Nguyễn Ngọc Thiên Bình)",57640000,220,"Lê Lợi, Hải Châu 1, Q. Hải Châu, Đà Nẵng",Hải Châu,Nguyễn Ngọc Thiên Bình,0935723727,,https://officedanang.vn/property/toa-nha-cloud-9-van-phong-cho-thue/,False
Cho thuê diện tích văn phòng 270m2 tại AVN Cẩm Lệ,Văn phòng,"🌟 CHO THUÊ VĂN PHÒNG ĐẸP TẠI TÒA NHÀ AVN 🌟\n\n📍 Địa chỉ: 270 Xô Viết Nghệ Tĩnh, Cẩm Lệ, Đà Nẵng\n📐 Diện tích cho thuê: 270 m2 (trống suốt, ánh sáng tự nhiên tốt)\n💵 Giá thuê ưu đãi: $ 8,0 / m2/tháng\n💼 Phù hợp cho văn phòng đại diện, quy mô doanh nghiệp vừa và nhỏ.\n\n🔹 THÔNG TIN CHI TIẾT TÒA NHÀ:\n🔹 THÔNG TIN CHI TIẾT TOÀ NHÀ AVN\n“Toà nhà văn phòng của công ty Kiểm Toán AVN”\n- Toà nhà văn phòng cho thuê quận Cẩm Lệ – Toà nhà AVN nằm trên đường Xô Viết Nghệ Tĩnh, phường Cẩm Lệ, thành phố Đà Nẵng. Là toà nhà văn phòng của công ty TNHH Kiểm Toán AVN Việt Nam.\n- Toà nhà AVN gồm 6 tầng nổi và 1 tầng hầm. Diện tích sử dụng mỗi tầng khoảng 101 m2 phù hợp cho các công ty có số lượng nhân sự 15 – 20 người.\n- Với mục đích xây dựng trụ sở văn phòng vậy nên toà nhà AVN chỉ sử dụng 1 – 2 tầng còn trống để làm văn phòng cho thuê.\n🔹 2. Kết cấu toà nhà AVN\n- Số tầng của toà nhà: 6 tầng, 1 hầm\n- Diện tích sàn: Khoảng 130m2\n- Số tầng hầm: 1 tầng hầm\n- Số thang máy: 1 thang\n🔹 3. Phí dịch vụ toà nhà AVN bao gồm\n- Chi phí quản lý của tòa nhà;\n\n📞 Liên hệ xem văn phòng: 0935723727 (Nguyễn Ngọc Thiên Bình)","$ 8,0 / m2",270,"270 Xô Viết Nghệ Tĩnh, Cẩm Lệ, Đà Nẵng",Cẩm Lệ,Nguyễn Ngọc Thiên Bình,0935723727,,https://officedanang.vn/property/toa-nha-avn/,False
Văn phòng làm việc 200m2 cho thuê tại 789 BỘ QUỐC PHÒNG Quận Hải Châu,Văn phòng,"🌟 CHO THUÊ VĂN PHÒNG ĐẸP TẠI TÒA NHÀ 789 BỘ QUỐC PHÒNG 🌟\n\n📍 Địa chỉ: Trưng Nữ Vương\n📐 Diện tích cho thuê: 200 m2 (trống suốt, ánh sáng tự nhiên tốt)\n💵 Giá thuê ưu đãi: $ 9,0 / m2/tháng\n💼 Phù hợp cho văn phòng đại diện, quy mô doanh nghiệp vừa và nhỏ.\n\n🔹 THÔNG TIN CHI TIẾT TÒA NHÀ:\n🔹 THÔNG TIN CHI TIẾT TOÀ NHÀ 789 BỘ QUỐC PHÒNG ĐÀ NẴNG\n🔹 1. Mô tả văn phòng cho thuê quận Hải Châu – Toà nhà 789 BỘ QUỐC PHÒNG Đà Nẵng\n- Toà nhà văn phòng cho thuê quận Hải Châu – Toà nhà 789 BỘ QUỐC PHÒNG Đà Nẵng nằm ở đường Trưng Nữ Vương, gần nút giao Duy Tân – Trưng Nữ Vương, là một khu vực được bao quanh bởi nhiều công trình của Quân đội, nên khu vực toà nhà rất là thoáng và không quá ồn ào\n- Tòa nhà 789 BỘ QUỐC PHÒNG là toà nhà được xây mới hoàn toàn cho mục đích kinh tế và văn phòng cho thuê.\n🔹 2. Kết cấu văn phòng cho thuê toà nhà 789 BỘ QUỐC PHÒNG\n- Kết cấu: 7 tầng nổi, 1 tầng hầm\n- Diện tích mỗi sàn: 250 m2\n- Diện tích cho thuê: 200 m2 / sàn\n- Khu vực giữ xe: Tầng trệt\n- Số thang máy: 1 thang\n🔹 3. Các chi phí Khách thuê phải trả tại toà nhà 789 BỘ QUỐC PHÒNG\n- Tiền thuê văn phòng: từ 9 USD / m2 / tháng\n\n📞 Liên hệ xem văn phòng: 0935723727 (Nguyễn Ngọc Thiên Bình)","$ 9,0 / m2",200,Trưng Nữ Vương,Hải Châu,Nguyễn Ngọc Thiên Bình,0935723727,,https://officedanang.vn/property/toa-nha-789-bo-quoc-phong/,False
Văn phòng làm việc 789m2 cho thuê tại 789 BỘ QUỐC PHÒNG Quận Hải Châu,Văn phòng,"🌟 CHO THUÊ VĂN PHÒNG ĐẸP TẠI TÒA NHÀ 789 BỘ QUỐC PHÒNG 🌟\n\n📍 Địa chỉ: Trưng Nữ Vương\n📐 Diện tích cho thuê: 789 m2 (trống suốt, ánh sáng tự nhiên tốt)\n💵 Giá thuê ưu đãi: $ 9,0 / m2/tháng\n💼 Phù hợp cho văn phòng đại diện, quy mô doanh nghiệp vừa và nhỏ.\n\n🔹 THÔNG TIN CHI TIẾT TÒA NHÀ:\n🔹 THÔNG TIN CHI TIẾT TOÀ NHÀ 789 BỘ QUỐC PHÒNG ĐÀ NẴNG\n🔹 1. Mô tả văn phòng cho thuê quận Hải Châu – Toà nhà 789 BỘ QUỐC PHÒNG Đà Nẵng\n- Toà nhà văn phòng cho thuê quận Hải Châu – Toà nhà 789 BỘ QUỐC PHÒNG Đà Nẵng nằm ở đường Trưng Nữ Vương, gần nút giao Duy Tân – Trưng Nữ Vương, là một khu vực được bao quanh bởi nhiều công trình của Quân đội, nên khu vực toà nhà rất là thoáng và không quá ồn ào\n- Tòa nhà 789 BỘ QUỐC PHÒNG là toà nhà được xây mới hoàn toàn cho mục đích kinh tế và văn phòng cho thuê.\n🔹 2. Kết cấu văn phòng cho thuê toà nhà 789 BỘ QUỐC PHÒNG\n- Kết cấu: 7 tầng nổi, 1 tầng hầm\n- Diện tích mỗi sàn: 250 m2\n- Diện tích cho thuê: 200 m2 / sàn\n- Khu vực giữ xe: Tầng trệt\n- Số thang máy: 1 thang\n🔹 3. Các chi phí Khách thuê phải trả tại toà nhà 789 BỘ QUỐC PHÒNG\n- Tiền thuê văn phòng: từ 9 USD / m2 / tháng\n\n📞 Liên hệ xem văn phòng: 0935723727 (Nguyễn Ngọc Thiên Bình)","$ 9,0 / m2",789,Trưng Nữ Vương,Hải Châu,Nguyễn Ngọc Thiên Bình,0935723727,,https://officedanang.vn/property/toa-nha-789-bo-quoc-phong/,False
Khoảng Trận Công Nghệ Đẹp Và Của Cửa Đại Sáng Tới CAMELIA,Văn phòng,"Cánh cửa rộng lớn mở ra một sân giao dịch không chỉ mang đến cảm giác chuyên nghiệp, mà còn tạo cho bạn một cái nhìn đẹp nhất. Đây là nơi để văn phòng đại diện và doanh nghiệp công nghệ tìm đến để đón nhận các dự án kinh tế tương lai.\n\nTrong đó, CAMELIA sở hữu diện tích rộng 9646 mét vuông, đây chính là môi trường hoàn hảo cho sự phát triển của các công ty và đơn vị dịch vụ công nghệ. Không gian rộng lớn đảm bảo không gian làm việc thoải mái, an toàn và chuyên nghiệp. \n\nĐược xây dựng ở khu vực quận Sơn Trà, CAMELIA kết nối thuận tiện với các đường quan trọng từ trung tâm thương mại Vincom Center cho đến các di chuyển liên tục từ Đà Nẵng đến Thành phố Hồ Chí Minh.\n\nCAMELIA còn được trang bị đầy đủ tiện ích để hỗ trợ tối đa đối tác và nhân viên. Tòa nhà có cả hệ thống phòng cháy chữa cháy, thang máy tốc độ cao và hệ thống an ninh giám sát 24/7 giúp đảm bảo an toàn tuyệt đối cho không gian làm việc.\n\nKhông chỉ được ưu đãi giá thuê thấp, bạn còn nhận được nhiều lợi ích khác như hỗ trợ thi công và setup nội thất miễn phí từ CAMELIA. Hãy liên lạc với chúng tôi để xem trực tiếp và tìm hiểu thêm về cơ hội thuê văn phòng trong CAMELIA.\n\nChúc may mắn cho việc phát triển của doanh nghiệp, hãy tham gia CAMELIA để cùng nhau làm nên một tương lai sáng sủa hơn.\n\n📞 Liên hệ xem văn phòng: 0935723727 (Nguyễn Ngọc Thiên Bình)",2274526800,9646,"Ngô Quyền, An Hải Bắc, Sơn Trà, Đà Nẵng",Sơn Trà,Nguyễn Ngọc Thiên Bình,0935723727,,https://officedanang.vn/property/toa-nha-camelia/,True
"Văn phòng cho thuê 176m2 tại tòa nhà DANH KHÔI, Hải Châu",Văn phòng,"🌟 CHO THUÊ VĂN PHÒNG ĐẸP TẠI TÒA NHÀ DANH KHÔI 🌟\n\n📍 Địa chỉ: Nguyễn Hữu Thọ, Hoà Cường Bắc, Hải Châu, Đà Nẵng 550000, Việt Nam\n📐 Diện tích cho thuê: 176 m2 (trống suốt, ánh sáng tự nhiên tốt)\n💵 Giá thuê ưu đãi: $ 13,0 / m2/tháng\n💼 Phù hợp cho văn phòng đại diện, quy mô doanh nghiệp vừa và nhỏ.\n\n🔹 THÔNG TIN CHI TIẾT TÒA NHÀ:\n🔹 THÔNG TIN CHI TIẾT TOÀ NHÀ DANH KHÔI\n🔹 1. Mô tả văn phòng cho thuê quận Hải Châu Toà nhà DANH KHÔI\n- Toà nhà văn phòng cho thuê quận Hải Châu – Toà nhà DANH KHÔI nằm trên tuyến đường Nguyễn Hữu Thọ, Phường Hòa Cường Bắc, quận Hải Châu, thành phố Đà Nẵng. Là một trong những toà nhà văn phòng đón đầu xu hướng mở rộng về hướng Nam của thành phố Đà Nẵng.\n- Toà nhà Danh Khôi với thiết kế 13 tầng, 2 thang máy và 1 tầng hầm. Tuỳ từng tầng mà diện tích sàn có sự thay đổi từ 250 – 300 m2. Bên cạnh đó, toà nhà Danh Khôi còn thiết kế với nhiều cây xanh mang lại cảm giác vô cùng dễ chịu cho khách hàng.\n🔹 2. Kết cấu văn phòng cho thuê quận Hải Châu Toà nhà DANH KHÔI\n- Diện tích sàn: 250 – 300m2\n- Diện tích cho thuê: từ 181 m2 đến 213 m2\n- Khu vực giữ xe: Tầng hầm\n- Số thang máy: 2 thang\n🔹 3. Các chi phí Khách thuê phải trả tại Toà nhà DANH KHÔI\n- Tiền thuê văn phòng: 12 – 13 USD /m2/tháng\n- Phí dịch vụ: Đã bao gồm trong giá thuê\n\n📞 Liên hệ xem văn phòng: 0935723727 (Nguyễn Ngọc Thiên Bình)","$ 13,0 / m2",176,"Nguyễn Hữu Thọ, Hoà Cường Bắc, Hải Châu, Đà Nẵng 550000, Việt Nam",Hải Châu,Nguyễn Ngọc Thiên Bình,0935723727,,https://officedanang.vn/property/toa-nha-danh-khoi/,False
"Cho thuê văn phòng 220m2 tại DANH KHÔI - Quận Hải Châu, Đà Nẵng",Văn phòng,"🌟 CHO THUÊ VĂN PHÒNG ĐẸP TẠI TÒA NHÀ DANH KHÔI 🌟\n\n📍 Địa chỉ: Nguyễn Hữu Thọ, Hoà Cường Bắc, Hải Châu, Đà Nẵng 550000, Việt Nam\n📐 Diện tích cho thuê: 220 m2 (trống suốt, ánh sáng tự nhiên tốt)\n💵 Giá thuê ưu đãi: $ 13,0 / m2/tháng\n💼 Phù hợp cho văn phòng đại diện, quy mô doanh nghiệp vừa và nhỏ.\n\n🔹 THÔNG TIN CHI TIẾT TÒA NHÀ:\n🔹 THÔNG TIN CHI TIẾT TOÀ NHÀ DANH KHÔI\n🔹 1. Mô tả văn phòng cho thuê quận Hải Châu Toà nhà DANH KHÔI\n- Toà nhà văn phòng cho thuê quận Hải Châu – Toà nhà DANH KHÔI nằm trên tuyến đường Nguyễn Hữu Thọ, Phường Hòa Cường Bắc, quận Hải Châu, thành phố Đà Nẵng. Là một trong những toà nhà văn phòng đón đầu xu hướng mở rộng về hướng Nam của thành phố Đà Nẵng.\n- Toà nhà Danh Khôi với thiết kế 13 tầng, 2 thang máy và 1 tầng hầm. Tuỳ từng tầng mà diện tích sàn có sự thay đổi từ 250 – 300 m2. Bên cạnh đó, toà nhà Danh Khôi còn thiết kế với nhiều cây xanh mang lại cảm giác vô cùng dễ chịu cho khách hàng.\n🔹 2. Kết cấu văn phòng cho thuê quận Hải Châu Toà nhà DANH KHÔI\n- Diện tích sàn: 250 – 300m2\n- Diện tích cho thuê: từ 181 m2 đến 213 m2\n- Khu vực giữ xe: Tầng hầm\n- Số thang máy: 2 thang\n🔹 3. Các chi phí Khách thuê phải trả tại Toà nhà DANH KHÔI\n- Tiền thuê văn phòng: 12 – 13 USD /m2/tháng\n- Phí dịch vụ: Đã bao gồm trong giá thuê\n\n📞 Liên hệ xem văn phòng: 0935723727 (Nguyễn Ngọc Thiên Bình)","$ 13,0 / m2",220,"Nguyễn Hữu Thọ, Hoà Cường Bắc, Hải Châu, Đà Nẵng 550000, Việt Nam",Hải Châu,Nguyễn Ngọc Thiên Bình,0935723727,,https://officedanang.vn/property/toa-nha-danh-khoi/,False
"Cho thuê văn phòng trống 550000m2 cực đẹp ở tòa nhà DANH KHÔI, Hải Châu",Văn phòng,"🌟 CHO THUÊ VĂN PHÒNG ĐẸP TẠI TÒA NHÀ DANH KHÔI 🌟\n\n📍 Địa chỉ: Nguyễn Hữu Thọ, Hoà Cường Bắc, Hải Châu, Đà Nẵng 550000, Việt Nam\n📐 Diện tích cho thuê: 550000 m2 (trống suốt, ánh sáng tự nhiên tốt)\n💵 Giá thuê ưu đãi: $ 13,0 / m2/tháng\n💼 Phù hợp cho văn phòng đại diện, quy mô doanh nghiệp vừa và nhỏ.\n\n🔹 THÔNG TIN CHI TIẾT TÒA NHÀ:\n🔹 THÔNG TIN CHI TIẾT TOÀ NHÀ DANH KHÔI\n🔹 1. Mô tả văn phòng cho thuê quận Hải Châu Toà nhà DANH KHÔI\n- Toà nhà văn phòng cho thuê quận Hải Châu – Toà nhà DANH KHÔI nằm trên tuyến đường Nguyễn Hữu Thọ, Phường Hòa Cường Bắc, quận Hải Châu, thành phố Đà Nẵng. Là một trong những toà nhà văn phòng đón đầu xu hướng mở rộng về hướng Nam của thành phố Đà Nẵng.\n- Toà nhà Danh Khôi với thiết kế 13 tầng, 2 thang máy và 1 tầng hầm. Tuỳ từng tầng mà diện tích sàn có sự thay đổi từ 250 – 300 m2. Bên cạnh đó, toà nhà Danh Khôi còn thiết kế với nhiều cây xanh mang lại cảm giác vô cùng dễ chịu cho khách hàng.\n🔹 2. Kết cấu văn phòng cho thuê quận Hải Châu Toà nhà DANH KHÔI\n- Diện tích sàn: 250 – 300m2\n- Diện tích cho thuê: từ 181 m2 đến 213 m2\n- Khu vực giữ xe: Tầng hầm\n- Số thang máy: 2 thang\n🔹 3. Các chi phí Khách thuê phải trả tại Toà nhà DANH KHÔI\n- Tiền thuê văn phòng: 12 – 13 USD /m2/tháng\n- Phí dịch vụ: Đã bao gồm trong giá thuê\n\n📞 Liên hệ xem văn phòng: 0935723727 (Nguyễn Ngọc Thiên Bình)","$ 13,0 / m2",550000,"Nguyễn Hữu Thọ, Hoà Cường Bắc, Hải Châu, Đà Nẵng 550000, Việt Nam",Hải Châu,Nguyễn Ngọc Thiên Bình,0935723727,,https://officedanang.vn/property/toa-nha-danh-khoi/,False
Cho thuê sàn văn phòng 126m2 ở DMT - Q. Hải Châu,Văn phòng,"🌟 CHO THUÊ VĂN PHÒNG ĐẸP TẠI TÒA NHÀ DMT 🌟\n\n📍 Địa chỉ: 484 Đ. 2 Tháng 9, Hoà Cường Nam, Hải Châu, Đà Nẵng\n📐 Diện tích cho thuê: 126 m2 (trống suốt, ánh sáng tự nhiên tốt)\n💵 Giá thuê ưu đãi: 309.160 đ / m2/tháng\n💼 Phù hợp cho văn phòng đại diện, quy mô doanh nghiệp vừa và nhỏ.\n\n🔹 THÔNG TIN CHI TIẾT TÒA NHÀ:\n🔹 THÔNG TIN CHI TIẾT TOÀ NHÀ DMT\n“Toà nhà cao nhất khu vực đường 2/9 giữa hai cầu Trần Thị Lý và Cầu Tiên Sơn”\n- Toà nhà văn phòng cho thuê quận Hải Châu tại Đà Nẵng – Toà nhà DMT nằm trên trục đường 2 tháng 9 khu vực gần về phía cầu Tuyên Sơn, vị thế có 1 chút không bằng các toà nhà khác ở trung tâm. Tuy nhiên, đây lại là khu vực thích hợp cho các công ty Bất Động Sản có các mảng kinh doanh mở rộng phía Ngũ Hành Sơn hoặc Cẩm Lệ, hoặc các công ty IT cần toà nhà nằm ở nơi không quá đông úc\n- Khu vực xung quanh của toà nhà DMT có trung tâm vui chơi giải trí lớn của Đà Nẵng – Helio, công viên châu Á,… khu vực xung quanh gần đường Xô Viết Nghệ Tĩnh và đường Phan Đăng Lưu có nhiều hàng quán ăn uống, quán cà phê.\n- Toà nhà có phòng họp, hội trường lớn có thể cho các đơn vị thuê bên trong sử dụng và tính phí riêng, đây cũng là một dịch vụ khá tốt cho các công ty BĐS tổ chức các buổi event. Bên cạnh đó với giá thuê văn phòng khá tốt thì đây sẽ là sự lựa chọn rất phù hợp cho các Start-Up tại Đà Nẵng.\n🔹 2. Kết cấu toà nhà DMT\n- Số tầng của toà nhà: 17 tầng\n- Diện tích sàn: 300 m2\n- Diện tích sử dụng sàn văn phòng: 250m2\n- Số tầng hầm: 1 tầng trệt\n- Số thang máy: 2 thang\n🔹 3. Phí dịch vụ toà nhà DMT bao gồm\n\n📞 Liên hệ xem văn phòng: 0935.723.727 (Nguyễn Ngọc Thiên Bình)",38954160,126,"484 Đ. 2 Tháng 9, Hoà Cường Nam, Hải Châu, Đà Nẵng",Hải Châu,Nguyễn Ngọc Thiên Bình,0935723727,,https://officedanang.vn/property/toa-nha-dmt/,False
"Văn phòng cho thuê 247m2 tại tòa nhà DMT, Hải Châu",Văn phòng,"🌟 CHO THUÊ VĂN PHÒNG ĐẸP TẠI TÒA NHÀ DMT 🌟\n\n📍 Địa chỉ: 484 Đ. 2 Tháng 9, Hoà Cường Nam, Hải Châu, Đà Nẵng\n📐 Diện tích cho thuê: 247 m2 (trống suốt, ánh sáng tự nhiên tốt)\n💵 Giá thuê ưu đãi: $ 11,8 / m2/tháng\n💼 Phù hợp cho văn phòng đại diện, quy mô doanh nghiệp vừa và nhỏ.\n\n🔹 THÔNG TIN CHI TIẾT TÒA NHÀ:\n🔹 THÔNG TIN CHI TIẾT TOÀ NHÀ DMT\n“Toà nhà cao nhất khu vực đường 2/9 giữa hai cầu Trần Thị Lý và Cầu Tiên Sơn”\n- Toà nhà văn phòng cho thuê quận Hải Châu tại Đà Nẵng – Toà nhà DMT nằm trên trục đường 2 tháng 9 khu vực gần về phía cầu Tuyên Sơn, vị thế có 1 chút không bằng các toà nhà khác ở trung tâm. Tuy nhiên, đây lại là khu vực thích hợp cho các công ty Bất Động Sản có các mảng kinh doanh mở rộng phía Ngũ Hành Sơn hoặc Cẩm Lệ, hoặc các công ty IT cần toà nhà nằm ở nơi không quá đông úc\n- Khu vực xung quanh của toà nhà DMT có trung tâm vui chơi giải trí lớn của Đà Nẵng – Helio, công viên châu Á,… khu vực xung quanh gần đường Xô Viết Nghệ Tĩnh và đường Phan Đăng Lưu có nhiều hàng quán ăn uống, quán cà phê.\n- Toà nhà có phòng họp, hội trường lớn có thể cho các đơn vị thuê bên trong sử dụng và tính phí riêng, đây cũng là một dịch vụ khá tốt cho các công ty BĐS tổ chức các buổi event. Bên cạnh đó với giá thuê văn phòng khá tốt thì đây sẽ là sự lựa chọn rất phù hợp cho các Start-Up tại Đà Nẵng.\n🔹 2. Kết cấu toà nhà DMT\n- Số tầng của toà nhà: 17 tầng\n- Diện tích sàn: 300 m2\n- Diện tích sử dụng sàn văn phòng: 250m2\n- Số tầng hầm: 1 tầng trệt\n- Số thang máy: 2 thang\n🔹 3. Phí dịch vụ toà nhà DMT bao gồm\n\n📞 Liên hệ xem văn phòng: 0935723727 (Nguyễn Ngọc Thiên Bình)","$ 11,8 / m2",247,"484 Đ. 2 Tháng 9, Hoà Cường Nam, Hải Châu, Đà Nẵng",Hải Châu,Nguyễn Ngọc Thiên Bình,0935723727,,https://officedanang.vn/property/toa-nha-dmt/,False
"Cho thuê văn phòng trống 484m2 cực đẹp ở tòa nhà DMT, Hải Châu",Văn phòng,"🌟 CHO THUÊ VĂN PHÒNG ĐẸP TẠI TÒA NHÀ DMT 🌟\n\n📍 Địa chỉ: 484 Đ. 2 Tháng 9, Hoà Cường Nam, Hải Châu, Đà Nẵng\n📐 Diện tích cho thuê: 484 m2 (trống suốt, ánh sáng tự nhiên tốt)\n💵 Giá thuê ưu đãi: $ 11,8 / m2/tháng\n💼 Phù hợp cho văn phòng đại diện, quy mô doanh nghiệp vừa và nhỏ.\n\n🔹 THÔNG TIN CHI TIẾT TÒA NHÀ:\n🔹 THÔNG TIN CHI TIẾT TOÀ NHÀ DMT\n“Toà nhà cao nhất khu vực đường 2/9 giữa hai cầu Trần Thị Lý và Cầu Tiên Sơn”\n- Toà nhà văn phòng cho thuê quận Hải Châu tại Đà Nẵng – Toà nhà DMT nằm trên trục đường 2 tháng 9 khu vực gần về phía cầu Tuyên Sơn, vị thế có 1 chút không bằng các toà nhà khác ở trung tâm. Tuy nhiên, đây lại là khu vực thích hợp cho các công ty Bất Động Sản có các mảng kinh doanh mở rộng phía Ngũ Hành Sơn hoặc Cẩm Lệ, hoặc các công ty IT cần toà nhà nằm ở nơi không quá đông úc\n- Khu vực xung quanh của toà nhà DMT có trung tâm vui chơi giải trí lớn của Đà Nẵng – Helio, công viên châu Á,… khu vực xung quanh gần đường Xô Viết Nghệ Tĩnh và đường Phan Đăng Lưu có nhiều hàng quán ăn uống, quán cà phê.\n- Toà nhà có phòng họp, hội trường lớn có thể cho các đơn vị thuê bên trong sử dụng và tính phí riêng, đây cũng là một dịch vụ khá tốt cho các công ty BĐS tổ chức các buổi event. Bên cạnh đó với giá thuê văn phòng khá tốt thì đây sẽ là sự lựa chọn rất phù hợp cho các Start-Up tại Đà Nẵng.\n🔹 2. Kết cấu toà nhà DMT\n- Số tầng của toà nhà: 17 tầng\n- Diện tích sàn: 300 m2\n- Diện tích sử dụng sàn văn phòng: 250m2\n- Số tầng hầm: 1 tầng trệt\n- Số thang máy: 2 thang\n🔹 3. Phí dịch vụ toà nhà DMT bao gồm\n\n📞 Liên hệ xem văn phòng: 0935723727 (Nguyễn Ngọc Thiên Bình)","$ 11,8 / m2",484,"484 Đ. 2 Tháng 9, Hoà Cường Nam, Hải Châu, Đà Nẵng",Hải Châu,Nguyễn Ngọc Thiên Bình,0935723727,,https://officedanang.vn/property/toa-nha-dmt/,False
Văn phòng làm việc 288m2 cho thuê tại ĐẠI DƯƠNG KÍNH Quận Cẩm Lệ,Văn phòng,"🌟 CHO THUÊ VĂN PHÒNG ĐẸP TẠI TÒA NHÀ ĐẠI DƯƠNG KÍNH 🌟\n\n📍 Địa chỉ: Nguyễn Hữu Thọ, Cẩm Lệ, Đà Nẵng\n📐 Diện tích cho thuê: 288 m2 (trống suốt, ánh sáng tự nhiên tốt)\n💵 Giá thuê ưu đãi: $ 9,0 / m2/tháng\n💼 Phù hợp cho văn phòng đại diện, quy mô doanh nghiệp vừa và nhỏ.\n\n🔹 THÔNG TIN CHI TIẾT TÒA NHÀ:\n🔹 THÔNG TIN CHI TIẾT TOÀ NHÀ ĐẠI DƯƠNG KÍNH\n🔹 1. Mô tả văn phòng cho thuê quận Cẩm Lệ Toà nhà ĐẠI DƯƠNG KÍNH\n- Toà nhà văn phòng cho thuê quận Cẩm Lệ – Toà nhà ĐẠI DƯƠNG KÍNH nằm trên đường Nguyễn Hữu Thọ – tuyến đường huyết mạch phía Nam của thành phố Đà Nẵng.\n- Được hoàn thành và đi vào hoạt động vào năm 2016, tòa nhà ĐẠI DƯƠNG KÍNH là một trong những tòa nhà văn phòng có giá thuê tương đối tốt tại thị trường văn phòng cho thuê ở Đà Nẵng.\n- Với thiết kế 6 tầng, 1 thang máy, lại nằm ở vị trí phía Nam thành phố, tòa nhà ĐẠI DƯƠNG KÍNH là địa điểm thích hợp cho các đơn vị Bất Động Sản kinh doanh dự án ở Hòa Xuân đặt trụ sở làm việc.\n🔹 2. Kết cấu văn phòng cho thuê quận Cẩm Lệ Toà nhà ĐẠI DƯƠNG KÍNH\n- Diện tích mỗi sàn: 500 m2\n- Diện tích cho thuê: 288 m2\n- Khu vực giữ xe: Tầng hầm\n- Số thang máy: 1 thang\nTòa nhà Đại Dương Kính\n🔹 3. Các chi phí Khách thuê phải trả tại Toà nhà ĐẠI DƯƠNG KÍNH\n\n📞 Liên hệ xem văn phòng: 0935723727 (Nguyễn Ngọc Thiên Bình)","$ 9,0 / m2",288,"Nguyễn Hữu Thọ, Cẩm Lệ, Đà Nẵng",Cẩm Lệ,Nguyễn Ngọc Thiên Bình,0935723727,,https://officedanang.vn/property/toa-nha-dai-duong-kinh/,False
"Cho thuê văn phòng trống 300m2 cực đẹp ở tòa nhà ĐẠI DƯƠNG KÍNH, Cẩm Lệ",Văn phòng,"🌟 CHO THUÊ VĂN PHÒNG ĐẸP TẠI TÒA NHÀ ĐẠI DƯƠNG KÍNH 🌟\n\n📍 Địa chỉ: Nguyễn Hữu Thọ, Cẩm Lệ, Đà Nẵng\n📐 Diện tích cho thuê: 300 m2 (trống suốt, ánh sáng tự nhiên tốt)\n💵 Giá thuê ưu đãi: $ 9,0 / m2/tháng\n💼 Phù hợp cho văn phòng đại diện, quy mô doanh nghiệp vừa và nhỏ.\n\n🔹 THÔNG TIN CHI TIẾT TÒA NHÀ:\n🔹 THÔNG TIN CHI TIẾT TOÀ NHÀ ĐẠI DƯƠNG KÍNH\n🔹 1. Mô tả văn phòng cho thuê quận Cẩm Lệ Toà nhà ĐẠI DƯƠNG KÍNH\n- Toà nhà văn phòng cho thuê quận Cẩm Lệ – Toà nhà ĐẠI DƯƠNG KÍNH nằm trên đường Nguyễn Hữu Thọ – tuyến đường huyết mạch phía Nam của thành phố Đà Nẵng.\n- Được hoàn thành và đi vào hoạt động vào năm 2016, tòa nhà ĐẠI DƯƠNG KÍNH là một trong những tòa nhà văn phòng có giá thuê tương đối tốt tại thị trường văn phòng cho thuê ở Đà Nẵng.\n- Với thiết kế 6 tầng, 1 thang máy, lại nằm ở vị trí phía Nam thành phố, tòa nhà ĐẠI DƯƠNG KÍNH là địa điểm thích hợp cho các đơn vị Bất Động Sản kinh doanh dự án ở Hòa Xuân đặt trụ sở làm việc.\n🔹 2. Kết cấu văn phòng cho thuê quận Cẩm Lệ Toà nhà ĐẠI DƯƠNG KÍNH\n- Diện tích mỗi sàn: 500 m2\n- Diện tích cho thuê: 288 m2\n- Khu vực giữ xe: Tầng hầm\n- Số thang máy: 1 thang\nTòa nhà Đại Dương Kính\n🔹 3. Các chi phí Khách thuê phải trả tại Toà nhà ĐẠI DƯƠNG KÍNH\n\n📞 Liên hệ xem văn phòng: 0935723727 (Nguyễn Ngọc Thiên Bình)","$ 9,0 / m2",300,"Nguyễn Hữu Thọ, Cẩm Lệ, Đà Nẵng",Cẩm Lệ,Nguyễn Ngọc Thiên Bình,0935723727,,https://officedanang.vn/property/toa-nha-dai-duong-kinh/,False
Cho thuê sàn văn phòng 9815m2 ở ĐẠI DƯƠNG KÍNH - Q. Cẩm Lệ,Văn phòng,"🌟 CHO THUÊ VĂN PHÒNG ĐẸP TẠI TÒA NHÀ ĐẠI DƯƠNG KÍNH 🌟\n\n📍 Địa chỉ: Nguyễn Hữu Thọ, Cẩm Lệ, Đà Nẵng\n📐 Diện tích cho thuê: 9815 m2 (trống suốt, ánh sáng tự nhiên tốt)\n💵 Giá thuê ưu đãi: $ 9,0 / m2/tháng\n💼 Phù hợp cho văn phòng đại diện, quy mô doanh nghiệp vừa và nhỏ.\n\n🔹 THÔNG TIN CHI TIẾT TÒA NHÀ:\n🔹 THÔNG TIN CHI TIẾT TOÀ NHÀ ĐẠI DƯƠNG KÍNH\n🔹 1. Mô tả văn phòng cho thuê quận Cẩm Lệ Toà nhà ĐẠI DƯƠNG KÍNH\n- Toà nhà văn phòng cho thuê quận Cẩm Lệ – Toà nhà ĐẠI DƯƠNG KÍNH nằm trên đường Nguyễn Hữu Thọ – tuyến đường huyết mạch phía Nam của thành phố Đà Nẵng.\n- Được hoàn thành và đi vào hoạt động vào năm 2016, tòa nhà ĐẠI DƯƠNG KÍNH là một trong những tòa nhà văn phòng có giá thuê tương đối tốt tại thị trường văn phòng cho thuê ở Đà Nẵng.\n- Với thiết kế 6 tầng, 1 thang máy, lại nằm ở vị trí phía Nam thành phố, tòa nhà ĐẠI DƯƠNG KÍNH là địa điểm thích hợp cho các đơn vị Bất Động Sản kinh doanh dự án ở Hòa Xuân đặt trụ sở làm việc.\n🔹 2. Kết cấu văn phòng cho thuê quận Cẩm Lệ Toà nhà ĐẠI DƯƠNG KÍNH\n- Diện tích mỗi sàn: 500 m2\n- Diện tích cho thuê: 288 m2\n- Khu vực giữ xe: Tầng hầm\n- Số thang máy: 1 thang\nTòa nhà Đại Dương Kính\n🔹 3. Các chi phí Khách thuê phải trả tại Toà nhà ĐẠI DƯƠNG KÍNH\n\n📞 Liên hệ xem văn phòng: 0935723727 (Nguyễn Ngọc Thiên Bình)","$ 9,0 / m2",9815,"Nguyễn Hữu Thọ, Cẩm Lệ, Đà Nẵng",Cẩm Lệ,Nguyễn Ngọc Thiên Bình,0935723727,,https://officedanang.vn/property/toa-nha-dai-duong-kinh/,False
"Văn phòng cho thuê 5502m2 tại tòa nhà văn phòng TRẦN THỊ LÝ, Ngũ Hành Sơn",Văn phòng,"🌟 CHO THUÊ VĂN PHÒNG ĐẸP TẠI TÒA NHÀ VĂN PHÒNG TRẦN THỊ LÝ 🌟\n\n📍 Địa chỉ: Ngũ Hành Sơn, Ngũ Hành Sơn, Đà Nẵng\n📐 Diện tích cho thuê: 5502 m2 (trống suốt, ánh sáng tự nhiên tốt)\n💵 Giá thuê ưu đãi: $ 9,0 / m2/tháng\n💼 Phù hợp cho văn phòng đại diện, quy mô doanh nghiệp vừa và nhỏ.\n\n🔹 THÔNG TIN CHI TIẾT TÒA NHÀ:\n🔹 THÔNG TIN CHI TIẾT TOÀ NHÀ VĂN PHÒNG TRẦN THỊ LÝ\n“Toà nhà văn phòng cho thuê gần cầu Trần Thị Lý”\n🔹 1. Mô tả văn phòng cho thuê quận Ngũ Hành Sơn – toà nhà văn phòng TRẦN THỊ LÝ\n- Toà nhà văn phòng cho thuê quận Ngũ Hành Sơn – Toà nhà văn phòng TRẦN THỊ LÝ nằm tại tuyến đường Ngũ Hành Sơn. Mặc dù toà nhà không nằm ở mặt tiền của tuyến đường, tuy nhiên, vị trí toà nhà lại nằm ở kiệt lớn với 2 làn ô tô cực kỳ thuận tiện cho việc di chuyển. Toà nhà văn phòng TRẦN THỊ LÝ nằm gần cầu Trần Thị Lý, quận Ngũ Hành Sơn, thành phố Đà Nẵng.\n- Toà nhà văn phòng TRẦN THỊ LÝ gồm 4 tầng, 1 tầng bán hầm và 1 tầng thượng, tòa nhà có thiết kế 1 thang máy để đảm bảo việc đi lại của khách hàng trong tòa nhà được thuận tiện hơn. Mỗi tầng tại tòa nhà được chia các phòng với diện tích từ 30 – 60 m2, phù hợp cho các công ty với số lượng nhân sự không quá nhiều. Bên cạnh đó, toà nhà cũng dùng khá nhiều diện tích để làm tiện ích cho toà nhà như khu vực Pantry hoàn toàn miễn phí, hành lang rộng, thoải mái…\n🔹 2. Kết cấu văn phòng cho thuê quận Ngũ Hành Sơn – toà nhà văn phòng TRẦN THỊ LÝ\n- Kết cấu toà nhà: 4 tầng và 1 tầng thượng và 1 tầng bán hầm\n- Diện tích sàn: khoảng 250m2\n- Diện tích sàn sử dụng văn phòng: ~200m2\n- Khu vực đỗ xe: Tầng bán hầm + Bãi xe bên cạnh toà nhà\n- Số thang máy: 1 thang\nToà nhà văn phòng TRẦN THỊ LÝ\n\n📞 Liên hệ xem văn phòng: 0935723727 (Nguyễn Ngọc Thiên Bình)","$ 9,0 / m2",5502,"Ngũ Hành Sơn, Ngũ Hành Sơn, Đà Nẵng",Ngũ Hành Sơn,Nguyễn Ngọc Thiên Bình,0935723727,,https://officedanang.vn/property/toa-nha-van-phong-tran-thi-ly/,False
Văn phòng làm việc 75m2 cho thuê tại 319 Miền Trung Quận Hải Châu,Văn phòng,"🌟 CHO THUÊ VĂN PHÒNG ĐẸP TẠI TÒA NHÀ 319 MIỀN TRUNG 🌟\n\n📍 Địa chỉ: Duy Tân, Hòa Thuận Nam, Hải Châu, Đà Nẵng 550000, Việt Nam\n📐 Diện tích cho thuê: 75 m2 (trống suốt, ánh sáng tự nhiên tốt)\n💵 Giá thuê ưu đãi: $ 6,0 / m2/tháng\n💼 Phù hợp cho văn phòng đại diện, quy mô doanh nghiệp vừa và nhỏ.\n\n🔹 THÔNG TIN CHI TIẾT TÒA NHÀ:\n🔹 THÔNG TIN CHI TIẾT TOÀ NHÀ 319 – Bộ Quốc Phòng\n🔹 1. Mô tả văn phòng cho thuê quận Hải Châu Toà nhà 319 – Bộ Quốc Phòng\n- Toà nhà văn phòng cho thuê quận Hải Châu – Toà nhà 319 – Bộ Quốc Phòng nằm ở đường Duy Tân, khu vực gần sân bay Quốc tế Đà Nẵng, tuy nhiên toà nhà không có bị ảnh hưởng bởi tiếng ồn từ máy bay. Khu vực kết nối 3 quận Hải Châu – Thanh Khê – Cẩm Lệ, dễ dàng di chuyển đến bất kì địa điểm nào trên địa bàn trung tâm Thành Phố Đà Nẵng\n- Là tòa nhà văn phòng cho thuê chủ yếu được xây dựng để phục vụ làm trụ sở chính của công ty chủ quản là Tổng công ty 319 Miền Trung – Bộ Quốc Phòng, các tầng còn trống được khai thác cho thuê. Với mục đích ban đầu như vậy nên toà nhà được xây rất chắc chắn và chất lượng tốt, một phần vì công ty 319 là công ty xây dựng công trình, xây lắp cầu đường có tiếng tăm.\n- Toà nhà muốn tạo ra không gian làm việc với mức giá tốt cho các đơn vị thuê nên gần như chi phí của toà nhà văn phòng giá rẻ nhất khu vực này.\n🔹 2. Kết cấu văn phòng cho thuê quận Hải Châu Toà nhà 319 – Bộ Quốc Phòng\n- Diện tích mỗi sàn: 400 m2\n- Diện tích cho thuê: Khoảng 250 m2 mỗi sàn\n- Khu vực giữ xe: Bãi xe riêng của toà nhà\n- Số thang máy: 1 thang\n🔹 3. Các chi phí Khách thuê phải trả tại Toà nhà 319 – Bộ Quốc Phòng\n- Tiền thuê văn phòng: 6.2 USD /m2/tháng\n\n📞 Liên hệ xem văn phòng: 0935723727 (Nguyễn Ngọc Thiên Bình)","$ 6,0 / m2",75,"Duy Tân, Hòa Thuận Nam, Hải Châu, Đà Nẵng 550000, Việt Nam",Hải Châu,Nguyễn Ngọc Thiên Bình,0935723727,,https://officedanang.vn/property/toa-nha-319/,False
"Văn phòng cho thuê 90m2 tại tòa nhà 319 Miền Trung, Hải Châu",Văn phòng,"🌟 CHO THUÊ VĂN PHÒNG ĐẸP TẠI TÒA NHÀ 319 MIỀN TRUNG 🌟\n\n📍 Địa chỉ: Duy Tân, Hòa Thuận Nam, Hải Châu, Đà Nẵng 550000, Việt Nam\n📐 Diện tích cho thuê: 90 m2 (trống suốt, ánh sáng tự nhiên tốt)\n💵 Giá thuê ưu đãi: $ 6,0 / m2/tháng\n💼 Phù hợp cho văn phòng đại diện, quy mô doanh nghiệp vừa và nhỏ.\n\n🔹 THÔNG TIN CHI TIẾT TÒA NHÀ:\n🔹 THÔNG TIN CHI TIẾT TOÀ NHÀ 319 – Bộ Quốc Phòng\n🔹 1. Mô tả văn phòng cho thuê quận Hải Châu Toà nhà 319 – Bộ Quốc Phòng\n- Toà nhà văn phòng cho thuê quận Hải Châu – Toà nhà 319 – Bộ Quốc Phòng nằm ở đường Duy Tân, khu vực gần sân bay Quốc tế Đà Nẵng, tuy nhiên toà nhà không có bị ảnh hưởng bởi tiếng ồn từ máy bay. Khu vực kết nối 3 quận Hải Châu – Thanh Khê – Cẩm Lệ, dễ dàng di chuyển đến bất kì địa điểm nào trên địa bàn trung tâm Thành Phố Đà Nẵng\n- Là tòa nhà văn phòng cho thuê chủ yếu được xây dựng để phục vụ làm trụ sở chính của công ty chủ quản là Tổng công ty 319 Miền Trung – Bộ Quốc Phòng, các tầng còn trống được khai thác cho thuê. Với mục đích ban đầu như vậy nên toà nhà được xây rất chắc chắn và chất lượng tốt, một phần vì công ty 319 là công ty xây dựng công trình, xây lắp cầu đường có tiếng tăm.\n- Toà nhà muốn tạo ra không gian làm việc với mức giá tốt cho các đơn vị thuê nên gần như chi phí của toà nhà văn phòng giá rẻ nhất khu vực này.\n🔹 2. Kết cấu văn phòng cho thuê quận Hải Châu Toà nhà 319 – Bộ Quốc Phòng\n- Diện tích mỗi sàn: 400 m2\n- Diện tích cho thuê: Khoảng 250 m2 mỗi sàn\n- Khu vực giữ xe: Bãi xe riêng của toà nhà\n- Số thang máy: 1 thang\n🔹 3. Các chi phí Khách thuê phải trả tại Toà nhà 319 – Bộ Quốc Phòng\n- Tiền thuê văn phòng: 6.2 USD /m2/tháng\n\n📞 Liên hệ xem văn phòng: 0935723727 (Nguyễn Ngọc Thiên Bình)","$ 6,0 / m2",90,"Duy Tân, Hòa Thuận Nam, Hải Châu, Đà Nẵng 550000, Việt Nam",Hải Châu,Nguyễn Ngọc Thiên Bình,0935723727,,https://officedanang.vn/property/toa-nha-319/,False
"Cho thuê văn phòng trống 550000m2 cực đẹp ở tòa nhà 319 Miền Trung, Hải Châu",Văn phòng,"🌟 CHO THUÊ VĂN PHÒNG ĐẸP TẠI TÒA NHÀ 319 MIỀN TRUNG 🌟\n\n📍 Địa chỉ: Duy Tân, Hòa Thuận Nam, Hải Châu, Đà Nẵng 550000, Việt Nam\n📐 Diện tích cho thuê: 550000 m2 (trống suốt, ánh sáng tự nhiên tốt)\n💵 Giá thuê ưu đãi: $ 6,0 / m2/tháng\n💼 Phù hợp cho văn phòng đại diện, quy mô doanh nghiệp vừa và nhỏ.\n\n🔹 THÔNG TIN CHI TIẾT TÒA NHÀ:\n🔹 THÔNG TIN CHI TIẾT TOÀ NHÀ 319 – Bộ Quốc Phòng\n🔹 1. Mô tả văn phòng cho thuê quận Hải Châu Toà nhà 319 – Bộ Quốc Phòng\n- Toà nhà văn phòng cho thuê quận Hải Châu – Toà nhà 319 – Bộ Quốc Phòng nằm ở đường Duy Tân, khu vực gần sân bay Quốc tế Đà Nẵng, tuy nhiên toà nhà không có bị ảnh hưởng bởi tiếng ồn từ máy bay. Khu vực kết nối 3 quận Hải Châu – Thanh Khê – Cẩm Lệ, dễ dàng di chuyển đến bất kì địa điểm nào trên địa bàn trung tâm Thành Phố Đà Nẵng\n- Là tòa nhà văn phòng cho thuê chủ yếu được xây dựng để phục vụ làm trụ sở chính của công ty chủ quản là Tổng công ty 319 Miền Trung – Bộ Quốc Phòng, các tầng còn trống được khai thác cho thuê. Với mục đích ban đầu như vậy nên toà nhà được xây rất chắc chắn và chất lượng tốt, một phần vì công ty 319 là công ty xây dựng công trình, xây lắp cầu đường có tiếng tăm.\n- Toà nhà muốn tạo ra không gian làm việc với mức giá tốt cho các đơn vị thuê nên gần như chi phí của toà nhà văn phòng giá rẻ nhất khu vực này.\n🔹 2. Kết cấu văn phòng cho thuê quận Hải Châu Toà nhà 319 – Bộ Quốc Phòng\n- Diện tích mỗi sàn: 400 m2\n- Diện tích cho thuê: Khoảng 250 m2 mỗi sàn\n- Khu vực giữ xe: Bãi xe riêng của toà nhà\n- Số thang máy: 1 thang\n🔹 3. Các chi phí Khách thuê phải trả tại Toà nhà 319 – Bộ Quốc Phòng\n- Tiền thuê văn phòng: 6.2 USD /m2/tháng\n\n📞 Liên hệ xem văn phòng: 0935723727 (Nguyễn Ngọc Thiên Bình)","$ 6,0 / m2",550000,"Duy Tân, Hòa Thuận Nam, Hải Châu, Đà Nẵng 550000, Việt Nam",Hải Châu,Nguyễn Ngọc Thiên Bình,0935723727,,https://officedanang.vn/property/toa-nha-319/,False
"Văn phòng cho thuê 90m2 tại tòa nhà SAPPHIRE PLAZA, Thanh Khê",Văn phòng,"🌟 CHO THUÊ VĂN PHÒNG ĐẸP TẠI TÒA NHÀ SAPPHIRE PLAZA 🌟\n\n📍 Địa chỉ: Ông Ích Khiêm, Thanh Khê, Đà Nẵng\n📐 Diện tích cho thuê: 90 m2 (trống suốt, ánh sáng tự nhiên tốt)\n💵 Giá thuê ưu đãi: $ 8,8 / m2/tháng\n💼 Phù hợp cho văn phòng đại diện, quy mô doanh nghiệp vừa và nhỏ.\n\n🔹 THÔNG TIN CHI TIẾT TÒA NHÀ:\n🔹 THÔNG TIN CHI TIẾT TOÀ NHÀ SAPPHIRE PLAZA\n“Tòa nhà văn phòng giá rẻ duy nhất nằm trên đường Ông Ích Khiêm”\n🔹 1. Mô tả văn phòng cho thuê quận Hải Châu – Toà nhà SAPPHIRE PLAZA\n- Toà nhà văn phòng cho thuê tại Đà Nẵng – Toà nhà SAPPHIRE PLAZA nằm ở góc 2 mặt tiền tuyến đường Ông Ích Khiêm và Lê Duẩn, là một trong những tòa nhà cho thuê văn phòng hiếm hoi trên tuyến đường Ông Ích Khiêm.\n- Vị trí Tòa nhà SAPPHIRE PLAZA tương đối tốt khi chỉ cách cầu sông Hàn 900m, cách ga Đà Nẵng chỉ 500 m và cách sân bay chưa đến 10 phút di chuyển bằng xe máy.\n- Với thiết kế 8 tầng, diện tích sử dụng mỗi tầng tương đương 115 m2, được phân chia với các diện tích linh hoạt, Tòa nhà SAPPHIRE PLAZA đáp ứng được nhu cầu văn phòng cho các doanh nghiệp vừa và nhỏ.\n🔹 2. Kết cấu văn phòng cho thuê quận Hải Châu – Toà nhà SAPPHIRE PLAZA\n- Số tầng toà nhà : 08 tầng\n- Diện tích sàn: 200 m2\n- Khu vực để xe: Tầng hầm\n- Số thang máy: 1 thang\nToà nhà SAPPHIRE PLAZA\n\n📞 Liên hệ xem văn phòng: 0935723727 (Nguyễn Ngọc Thiên Bình)","$ 8,8 / m2",90,"Ông Ích Khiêm, Thanh Khê, Đà Nẵng",Thanh Khê,Nguyễn Ngọc Thiên Bình,0935723727,,https://officedanang.vn/property/toa-nha-sapphire-plaza/,False
Cho thuê sàn văn phòng 150m2 ở SAPPHIRE PLAZA - Q. Thanh Khê,Văn phòng,"🌟 CHO THUÊ VĂN PHÒNG ĐẸP TẠI TÒA NHÀ SAPPHIRE PLAZA 🌟\n\n📍 Địa chỉ: Ông Ích Khiêm, Thanh Khê, Đà Nẵng\n📐 Diện tích cho thuê: 150 m2 (trống suốt, ánh sáng tự nhiên tốt)\n💵 Giá thuê ưu đãi: $ 8,8 / m2/tháng\n💼 Phù hợp cho văn phòng đại diện, quy mô doanh nghiệp vừa và nhỏ.\n\n🔹 THÔNG TIN CHI TIẾT TÒA NHÀ:\n🔹 THÔNG TIN CHI TIẾT TOÀ NHÀ SAPPHIRE PLAZA\n“Tòa nhà văn phòng giá rẻ duy nhất nằm trên đường Ông Ích Khiêm”\n🔹 1. Mô tả văn phòng cho thuê quận Hải Châu – Toà nhà SAPPHIRE PLAZA\n- Toà nhà văn phòng cho thuê tại Đà Nẵng – Toà nhà SAPPHIRE PLAZA nằm ở góc 2 mặt tiền tuyến đường Ông Ích Khiêm và Lê Duẩn, là một trong những tòa nhà cho thuê văn phòng hiếm hoi trên tuyến đường Ông Ích Khiêm.\n- Vị trí Tòa nhà SAPPHIRE PLAZA tương đối tốt khi chỉ cách cầu sông Hàn 900m, cách ga Đà Nẵng chỉ 500 m và cách sân bay chưa đến 10 phút di chuyển bằng xe máy.\n- Với thiết kế 8 tầng, diện tích sử dụng mỗi tầng tương đương 115 m2, được phân chia với các diện tích linh hoạt, Tòa nhà SAPPHIRE PLAZA đáp ứng được nhu cầu văn phòng cho các doanh nghiệp vừa và nhỏ.\n🔹 2. Kết cấu văn phòng cho thuê quận Hải Châu – Toà nhà SAPPHIRE PLAZA\n- Số tầng toà nhà : 08 tầng\n- Diện tích sàn: 200 m2\n- Khu vực để xe: Tầng hầm\n- Số thang máy: 1 thang\nToà nhà SAPPHIRE PLAZA\n\n📞 Liên hệ xem văn phòng: 0935723727 (Nguyễn Ngọc Thiên Bình)","$ 8,8 / m2",150,"Ông Ích Khiêm, Thanh Khê, Đà Nẵng",Thanh Khê,Nguyễn Ngọc Thiên Bình,0935723727,,https://officedanang.vn/property/toa-nha-sapphire-plaza/,False
"Cho thuê văn phòng trống 9567m2 cực đẹp ở tòa nhà SAPPHIRE PLAZA, Thanh Khê",Văn phòng,"🌟 CHO THUÊ VĂN PHÒNG ĐẸP TẠI TÒA NHÀ SAPPHIRE PLAZA 🌟\n\n📍 Địa chỉ: Ông Ích Khiêm, Thanh Khê, Đà Nẵng\n📐 Diện tích cho thuê: 9567 m2 (trống suốt, ánh sáng tự nhiên tốt)\n💵 Giá thuê ưu đãi: $ 8,8 / m2/tháng\n💼 Phù hợp cho văn phòng đại diện, quy mô doanh nghiệp vừa và nhỏ.\n\n🔹 THÔNG TIN CHI TIẾT TÒA NHÀ:\n🔹 THÔNG TIN CHI TIẾT TOÀ NHÀ SAPPHIRE PLAZA\n“Tòa nhà văn phòng giá rẻ duy nhất nằm trên đường Ông Ích Khiêm”\n🔹 1. Mô tả văn phòng cho thuê quận Hải Châu – Toà nhà SAPPHIRE PLAZA\n- Toà nhà văn phòng cho thuê tại Đà Nẵng – Toà nhà SAPPHIRE PLAZA nằm ở góc 2 mặt tiền tuyến đường Ông Ích Khiêm và Lê Duẩn, là một trong những tòa nhà cho thuê văn phòng hiếm hoi trên tuyến đường Ông Ích Khiêm.\n- Vị trí Tòa nhà SAPPHIRE PLAZA tương đối tốt khi chỉ cách cầu sông Hàn 900m, cách ga Đà Nẵng chỉ 500 m và cách sân bay chưa đến 10 phút di chuyển bằng xe máy.\n- Với thiết kế 8 tầng, diện tích sử dụng mỗi tầng tương đương 115 m2, được phân chia với các diện tích linh hoạt, Tòa nhà SAPPHIRE PLAZA đáp ứng được nhu cầu văn phòng cho các doanh nghiệp vừa và nhỏ.\n🔹 2. Kết cấu văn phòng cho thuê quận Hải Châu – Toà nhà SAPPHIRE PLAZA\n- Số tầng toà nhà : 08 tầng\n- Diện tích sàn: 200 m2\n- Khu vực để xe: Tầng hầm\n- Số thang máy: 1 thang\nToà nhà SAPPHIRE PLAZA\n\n📞 Liên hệ xem văn phòng: 0935723727 (Nguyễn Ngọc Thiên Bình)","$ 8,8 / m2",9567,"Ông Ích Khiêm, Thanh Khê, Đà Nẵng",Thanh Khê,Nguyễn Ngọc Thiên Bình,0935723727,,https://officedanang.vn/property/toa-nha-sapphire-plaza/,False
Cho thuê sàn văn phòng 65m2 ở HÀ NỘI TOURIST - Q. Hải Châu,Văn phòng,"🌟 CHO THUÊ VĂN PHÒNG ĐẸP TẠI TÒA NHÀ HÀ NỘI TOURIST 🌟\n\n📍 Địa chỉ: Hải Phòng, Thạch Thang, Hải Châu, Đà Nẵng\n📐 Diện tích cho thuê: 65 m2 (trống suốt, ánh sáng tự nhiên tốt)\n💵 Giá thuê ưu đãi: $ 9,0 / m2/tháng\n💼 Phù hợp cho văn phòng đại diện, quy mô doanh nghiệp vừa và nhỏ.\n\n🔹 THÔNG TIN CHI TIẾT TÒA NHÀ:\n🔹 THÔNG TIN CHI TIẾT TOÀ NHÀ HÀ NỘI TOURIST\n🔹 1. Mô tả toà nhà HÀ NỘI TOURIST\n- Toà nhà văn phòng cho thuê quận tại Hải Châu Đà Nẵng – Toà nhà HÀ NỘI TOURIST nằm trên đường Hải Phòng, gần Bệnh Viện C, Bệnh viện Đà Nẵng, ga tàu… Là tòa nhà cho thuê văn phòng đầu tiên trên tuyến đường Hải Phòng.\n- Với thiết kế 10 tầng, 2 thang máy, diện tích sàn tương đương 200 m2 lại nằm ngay trung tâm thành phố Đà Nẵng, tòa nhà Hà Nội tourist là nơi đặt trụ sở của nhiều công ty liên quan đến lĩnh vực y tế và du lịch.\n- Giá thuê tương đối tốt, vị trí thuận lợi cộng thêm việc miễn phí điện lạnh trong giờ hành chính, tòa nhà Hà Nội tourist là một trong những tòa nhà có tỷ lệ lấp đầy cao nhất tại thành phố Đà Nẵng.\n🔹 2. Kết cấu văn phòng cho thuê quận Hải Châu Toà nhà HÀ NỘI TOURIST\n- Kết cấu của tòa nhà: 10 tầng nổi\n- Diện tích sàn: Khoảng 200m2\n- Diện tích sử dụng: 140 m2 mỗi tầng\n- Khu vực đỗ xe: tầng trệt của tòa nhà\n- Số thang máy: 2 thang\nTòa nhà Hà Nội Tourist\n\n📞 Liên hệ xem văn phòng: 0935723727 (Nguyễn Ngọc Thiên Bình)","$ 9,0 / m2",65,"Hải Phòng, Thạch Thang, Hải Châu, Đà Nẵng",Hải Châu,Nguyễn Ngọc Thiên Bình,0935723727,,https://officedanang.vn/property/toa-nha-ha-noi-tourist/,False
Cho thuê sàn văn phòng 9585m2 ở HÀ NỘI TOURIST - Q. Hải Châu,Văn phòng,"🌟 CHO THUÊ VĂN PHÒNG ĐẸP TẠI TÒA NHÀ HÀ NỘI TOURIST 🌟\n\n📍 Địa chỉ: Hải Phòng, Thạch Thang, Hải Châu, Đà Nẵng\n📐 Diện tích cho thuê: 9585 m2 (trống suốt, ánh sáng tự nhiên tốt)\n💵 Giá thuê ưu đãi: $ 9,0 / m2/tháng\n💼 Phù hợp cho văn phòng đại diện, quy mô doanh nghiệp vừa và nhỏ.\n\n🔹 THÔNG TIN CHI TIẾT TÒA NHÀ:\n🔹 THÔNG TIN CHI TIẾT TOÀ NHÀ HÀ NỘI TOURIST\n🔹 1. Mô tả toà nhà HÀ NỘI TOURIST\n- Toà nhà văn phòng cho thuê quận tại Hải Châu Đà Nẵng – Toà nhà HÀ NỘI TOURIST nằm trên đường Hải Phòng, gần Bệnh Viện C, Bệnh viện Đà Nẵng, ga tàu… Là tòa nhà cho thuê văn phòng đầu tiên trên tuyến đường Hải Phòng.\n- Với thiết kế 10 tầng, 2 thang máy, diện tích sàn tương đương 200 m2 lại nằm ngay trung tâm thành phố Đà Nẵng, tòa nhà Hà Nội tourist là nơi đặt trụ sở của nhiều công ty liên quan đến lĩnh vực y tế và du lịch.\n- Giá thuê tương đối tốt, vị trí thuận lợi cộng thêm việc miễn phí điện lạnh trong giờ hành chính, tòa nhà Hà Nội tourist là một trong những tòa nhà có tỷ lệ lấp đầy cao nhất tại thành phố Đà Nẵng.\n🔹 2. Kết cấu văn phòng cho thuê quận Hải Châu Toà nhà HÀ NỘI TOURIST\n- Kết cấu của tòa nhà: 10 tầng nổi\n- Diện tích sàn: Khoảng 200m2\n- Diện tích sử dụng: 140 m2 mỗi tầng\n- Khu vực đỗ xe: tầng trệt của tòa nhà\n- Số thang máy: 2 thang\nTòa nhà Hà Nội Tourist\n\n📞 Liên hệ xem văn phòng: 0935723727 (Nguyễn Ngọc Thiên Bình)","$ 9,0 / m2",9585,"Hải Phòng, Thạch Thang, Hải Châu, Đà Nẵng",Hải Châu,Nguyễn Ngọc Thiên Bình,0935723727,,https://officedanang.vn/property/toa-nha-ha-noi-tourist/,False
"Cho thuê văn phòng 1m2 tại VERNAL BUILDING - Quận Hải Châu, Đà Nẵng",Văn phòng,"🌟 CHO THUÊ VĂN PHÒNG ĐẸP TẠI TÒA NHÀ VERNAL BUILDING 🌟\n\n📍 Địa chỉ: Pasteur, Hải Châu 1, Hải Châu, Đà Nẵng\n📐 Diện tích cho thuê: 1 m2 (trống suốt, ánh sáng tự nhiên tốt)\n💵 Giá thuê ưu đãi: Giá từ $ 12,0 / m2/tháng\n💼 Phù hợp cho văn phòng đại diện, quy mô doanh nghiệp vừa và nhỏ.\n\n🔹 THÔNG TIN CHI TIẾT TÒA NHÀ:\n🔹 THÔNG TIN CHI TIẾT TOÀ NHÀ VERNAL BUILDING\n“Toà nhà văn phòng đầu tiên nằm trên đường Pasteur”\n🔹 1. Mô tả văn phòng cho thuê quận Hải Châu Toà nhà VERNAL BUILDING\n- Toà nhà văn phòng quận Hải Châu – Toà nhà VERNAL BUILDING nằm trên trục đường Pasteur, quận Hải Châu, thành phố Đà Nẵng. Toà nhà VERNAL BUILDING là toà nhà văn phòng cho thuê đầu tiên nằm trên tuyến đường này.\n- Toà nhà gồm 8 tầng, được thiết kế với nhiều cây xanh, mang lại một không gian làm việc lý tưởng, mới lạ và cực kỳ sáng tạo. Ngoài không gian làm việc, VERNAL BUILDING còn có không gian lưu trú, thư giãn, nghỉ ngơi giúp khách hàng có những trải nghiệm vô cùng tiện lợi và chất lượng.\n- Với diện tích sử dùng mỗi tầng văn phòng tương đương 317 m2, khách hàng có thể dễ dàng lựa chọn văn phòng với các diện tích lần lượt là 57 m2, 123 m2, 137 m2, 180 m2 và 317 m2 phù hợp với nhu cầu sử dụng của mỗi công ty.\n🔹 2. Kết cấu văn phòng cho thuê quận Hải Châu toà nhà VERNAL BUILDING\n- Kết cấu:  8 tầng nổi, 1 tầng hầm\n- Diện tích sử dụng cho thuê văn phòng: 317m2\n- Khu vực để xe: Tầng hầm\n- Số thang máy: 2 thang\n🔹 3. Chi phí thuê văn phòng cho thuê quận Hải Châu toà nhà VERNAL BUILDING\n\n📞 Liên hệ xem văn phòng: 0935723727 (Nguyễn Ngọc Thiên Bình)","Giá từ $ 12,0 / m2",1,"Pasteur, Hải Châu 1, Hải Châu, Đà Nẵng",Hải Châu,Nguyễn Ngọc Thiên Bình,0935723727,,https://officedanang.vn/property/toa-nha-vernal-building/,False
"Văn phòng cho thuê 126m2 tại tòa nhà VERNAL BUILDING, Hải Châu",Văn phòng,"🌟 CHO THUÊ VĂN PHÒNG ĐẸP TẠI TÒA NHÀ VERNAL BUILDING 🌟\n\n📍 Địa chỉ: Pasteur, Hải Châu 1, Hải Châu, Đà Nẵng\n📐 Diện tích cho thuê: 126 m2 (trống suốt, ánh sáng tự nhiên tốt)\n💵 Giá thuê ưu đãi: Giá từ $ 12,0 / m2/tháng\n💼 Phù hợp cho văn phòng đại diện, quy mô doanh nghiệp vừa và nhỏ.\n\n🔹 THÔNG TIN CHI TIẾT TÒA NHÀ:\n🔹 THÔNG TIN CHI TIẾT TOÀ NHÀ VERNAL BUILDING\n“Toà nhà văn phòng đầu tiên nằm trên đường Pasteur”\n🔹 1. Mô tả văn phòng cho thuê quận Hải Châu Toà nhà VERNAL BUILDING\n- Toà nhà văn phòng quận Hải Châu – Toà nhà VERNAL BUILDING nằm trên trục đường Pasteur, quận Hải Châu, thành phố Đà Nẵng. Toà nhà VERNAL BUILDING là toà nhà văn phòng cho thuê đầu tiên nằm trên tuyến đường này.\n- Toà nhà gồm 8 tầng, được thiết kế với nhiều cây xanh, mang lại một không gian làm việc lý tưởng, mới lạ và cực kỳ sáng tạo. Ngoài không gian làm việc, VERNAL BUILDING còn có không gian lưu trú, thư giãn, nghỉ ngơi giúp khách hàng có những trải nghiệm vô cùng tiện lợi và chất lượng.\n- Với diện tích sử dùng mỗi tầng văn phòng tương đương 317 m2, khách hàng có thể dễ dàng lựa chọn văn phòng với các diện tích lần lượt là 57 m2, 123 m2, 137 m2, 180 m2 và 317 m2 phù hợp với nhu cầu sử dụng của mỗi công ty.\n🔹 2. Kết cấu văn phòng cho thuê quận Hải Châu toà nhà VERNAL BUILDING\n- Kết cấu:  8 tầng nổi, 1 tầng hầm\n- Diện tích sử dụng cho thuê văn phòng: 317m2\n- Khu vực để xe: Tầng hầm\n- Số thang máy: 2 thang\n🔹 3. Chi phí thuê văn phòng cho thuê quận Hải Châu toà nhà VERNAL BUILDING\n\n📞 Liên hệ xem văn phòng: 0935723727 (Nguyễn Ngọc Thiên Bình)","Giá từ $ 12,0 / m2",126,"Pasteur, Hải Châu 1, Hải Châu, Đà Nẵng",Hải Châu,Nguyễn Ngọc Thiên Bình,0935723727,,https://officedanang.vn/property/toa-nha-vernal-building/,False
Cho thuê sàn văn phòng 189m2 ở VERNAL BUILDING - Q. Hải Châu,Văn phòng,"🌟 CHO THUÊ VĂN PHÒNG ĐẸP TẠI TÒA NHÀ VERNAL BUILDING 🌟\n\n📍 Địa chỉ: Pasteur, Hải Châu 1, Hải Châu, Đà Nẵng\n📐 Diện tích cho thuê: 189 m2 (trống suốt, ánh sáng tự nhiên tốt)\n💵 Giá thuê ưu đãi: Giá từ 314.400 đ / m2/tháng\n💼 Phù hợp cho văn phòng đại diện, quy mô doanh nghiệp vừa và nhỏ.\n\n🔹 THÔNG TIN CHI TIẾT TÒA NHÀ:\n🔹 THÔNG TIN CHI TIẾT TOÀ NHÀ VERNAL BUILDING\n“Toà nhà văn phòng đầu tiên nằm trên đường Pasteur”\n🔹 1. Mô tả văn phòng cho thuê quận Hải Châu Toà nhà VERNAL BUILDING\n- Toà nhà văn phòng quận Hải Châu – Toà nhà VERNAL BUILDING nằm trên trục đường Pasteur, quận Hải Châu, thành phố Đà Nẵng. Toà nhà VERNAL BUILDING là toà nhà văn phòng cho thuê đầu tiên nằm trên tuyến đường này.\n- Toà nhà gồm 8 tầng, được thiết kế với nhiều cây xanh, mang lại một không gian làm việc lý tưởng, mới lạ và cực kỳ sáng tạo. Ngoài không gian làm việc, VERNAL BUILDING còn có không gian lưu trú, thư giãn, nghỉ ngơi giúp khách hàng có những trải nghiệm vô cùng tiện lợi và chất lượng.\n- Với diện tích sử dùng mỗi tầng văn phòng tương đương 317 m2, khách hàng có thể dễ dàng lựa chọn văn phòng với các diện tích lần lượt là 57 m2, 123 m2, 137 m2, 180 m2 và 317 m2 phù hợp với nhu cầu sử dụng của mỗi công ty.\n🔹 2. Kết cấu văn phòng cho thuê quận Hải Châu toà nhà VERNAL BUILDING\n- Kết cấu:  8 tầng nổi, 1 tầng hầm\n- Diện tích sử dụng cho thuê văn phòng: 317m2\n- Khu vực để xe: Tầng hầm\n- Số thang máy: 2 thang\n🔹 3. Chi phí thuê văn phòng cho thuê quận Hải Châu toà nhà VERNAL BUILDING\n\n📞 Liên hệ xem văn phòng: 0935.723.727 (Nguyễn Ngọc Thiên Bình)",59421600,189,"Pasteur, Hải Châu 1, Hải Châu, Đà Nẵng",Hải Châu,Nguyễn Ngọc Thiên Bình,0935723727,,https://officedanang.vn/property/toa-nha-vernal-building/,False
Cho thuê sàn văn phòng 317m2 ở VERNAL BUILDING - Q. Hải Châu,Văn phòng,"🌟 CHO THUÊ VĂN PHÒNG ĐẸP TẠI TÒA NHÀ VERNAL BUILDING 🌟\n\n📍 Địa chỉ: Pasteur, Hải Châu 1, Hải Châu, Đà Nẵng\n📐 Diện tích cho thuê: 317 m2 (trống suốt, ánh sáng tự nhiên tốt)\n💵 Giá thuê ưu đãi: Giá từ $ 12,0 / m2/tháng\n💼 Phù hợp cho văn phòng đại diện, quy mô doanh nghiệp vừa và nhỏ.\n\n🔹 THÔNG TIN CHI TIẾT TÒA NHÀ:\n🔹 THÔNG TIN CHI TIẾT TOÀ NHÀ VERNAL BUILDING\n“Toà nhà văn phòng đầu tiên nằm trên đường Pasteur”\n🔹 1. Mô tả văn phòng cho thuê quận Hải Châu Toà nhà VERNAL BUILDING\n- Toà nhà văn phòng quận Hải Châu – Toà nhà VERNAL BUILDING nằm trên trục đường Pasteur, quận Hải Châu, thành phố Đà Nẵng. Toà nhà VERNAL BUILDING là toà nhà văn phòng cho thuê đầu tiên nằm trên tuyến đường này.\n- Toà nhà gồm 8 tầng, được thiết kế với nhiều cây xanh, mang lại một không gian làm việc lý tưởng, mới lạ và cực kỳ sáng tạo. Ngoài không gian làm việc, VERNAL BUILDING còn có không gian lưu trú, thư giãn, nghỉ ngơi giúp khách hàng có những trải nghiệm vô cùng tiện lợi và chất lượng.\n- Với diện tích sử dùng mỗi tầng văn phòng tương đương 317 m2, khách hàng có thể dễ dàng lựa chọn văn phòng với các diện tích lần lượt là 57 m2, 123 m2, 137 m2, 180 m2 và 317 m2 phù hợp với nhu cầu sử dụng của mỗi công ty.\n🔹 2. Kết cấu văn phòng cho thuê quận Hải Châu toà nhà VERNAL BUILDING\n- Kết cấu:  8 tầng nổi, 1 tầng hầm\n- Diện tích sử dụng cho thuê văn phòng: 317m2\n- Khu vực để xe: Tầng hầm\n- Số thang máy: 2 thang\n🔹 3. Chi phí thuê văn phòng cho thuê quận Hải Châu toà nhà VERNAL BUILDING\n\n📞 Liên hệ xem văn phòng: 0935723727 (Nguyễn Ngọc Thiên Bình)","Giá từ $ 12,0 / m2",317,"Pasteur, Hải Châu 1, Hải Châu, Đà Nẵng",Hải Châu,Nguyễn Ngọc Thiên Bình,0935723727,,https://officedanang.vn/property/toa-nha-vernal-building/,False
Văn phòng làm việc 9312m2 cho thuê tại SOHO BUILDING Quận Hải Châu,Văn phòng,"🌟 CHO THUÊ VĂN PHÒNG ĐẸP TẠI TÒA NHÀ SOHO BUILDING 🌟\n\n📍 Địa chỉ: Lý Tự Trọng, Thạch Thang, Hải Châu, Đà Nẵng\n📐 Diện tích cho thuê: 9312 m2 (trống suốt, ánh sáng tự nhiên tốt)\n💵 Giá thuê ưu đãi: $ 11,0 / m2/tháng\n💼 Phù hợp cho văn phòng đại diện, quy mô doanh nghiệp vừa và nhỏ.\n\n🔹 THÔNG TIN CHI TIẾT TÒA NHÀ:\n🔹 THÔNG TIN CHI TIẾT VĂN PHÒNG CHO THUÊ TÒA NHÀ SOHO\n🔹 1. Mô tả văn phòng cho thuê quận Hải Châu Toà nhà SOHO Building\n- Văn phòng cho thuê quận Hải Châu – Toà nhà SOHO Building gần trung tâm hành chính của thành phố Đà Nẵng, đây cũng là khu vực tập trung nhiều các toà nhà văn phòng.\n- Gần nhiều quán cafe, quán ăn,… rất tiện cho sinh hoạt của nhân viên công ty.\n- Toà nhà có kết hợp căn hộ, tiện cho các công ty có các lãnh đạo nước ngoài hoặc các nhân viên đến công tác dài hạn,  khu vực căn hộ nằm riêng biệt so với khu vực văn phòng.\n- Nằm trên cung đường Lý Tự Trọng không quá đông đúc phương tiện giao thông qua lại, việc đỗ xe ô tô tương đối thoải mái, chi phí thuê văn phòng rẻ.\n🔹 2. Kết cấu văn phòng cho thuê quận Hải Châu toà nhà SOHO building\n- Kết cấu toà nhà: 10 tầng nổi 1 tầng hầm\n- Khu vực đậu xe: 1 tầng hầm\n🔹 3. Các chi phí Khách thuê phải trả tại văn phòng cho thuê quận Hải Châu Toà nhà SOHO\n- Tiền thuê văn phòng: USD 11/m2/tháng\n- Phí dịch vụ: Đã bao gồm trong giá thuê\n\n📞 Liên hệ xem văn phòng: 0935723727 (Nguyễn Ngọc Thiên Bình)","$ 11,0 / m2",9312,"Lý Tự Trọng, Thạch Thang, Hải Châu, Đà Nẵng",Hải Châu,Nguyễn Ngọc Thiên Bình,0935723727,,https://officedanang.vn/property/toa-nha-soho-building/,False
Văn phòng làm việc 58m2 cho thuê tại BẠCH ĐẰNG COMPLEX Quận Hải Châu,Văn phòng,"🌟 CHO THUÊ VĂN PHÒNG ĐẸP TẠI TÒA NHÀ BẠCH ĐẰNG COMPLEX 🌟\n\n📍 Địa chỉ: Bạch Đằng, Hải Châu, Đà Nẵng\n📐 Diện tích cho thuê: 58 m2 (trống suốt, ánh sáng tự nhiên tốt)\n💵 Giá thuê ưu đãi: Từ $ 20,0 / m2/tháng\n💼 Phù hợp cho văn phòng đại diện, quy mô doanh nghiệp vừa và nhỏ.\n\n🔹 THÔNG TIN CHI TIẾT TÒA NHÀ:\n🔹 THÔNG TIN CHI TIẾT TOÀ NHÀ BẠCH ĐẰNG COMPLEX – HERITAGE TREASURE TOWER\n“Toà nhà văn phòng hạng A nằm trong khu phức hợp trung tâm thương mại, khách sạn, văn phòng, căn hộ cao cấp của thành phố Đà Nẵng”\n🔹 1. Mô tả toà nhà BẠCH ĐẰNG COMPLEX – HERITAGE TREASURE TOWER\n- Toà nhà văn phòng cho thuê quận Hải Châu Đà Nẵng – Toà nhà BẠCH ĐẰNG COMPLEX mà tháp văn phòng được gọi với một cái tên ít được người khác biết tới là HERITAGE TREASURE TOWER nằm trên trục đường Bạch Đằng khu vực thuộc top view sông cực đẹp cùng với các toà nhà lớn như MLandmark, Novotel,…\n- Toà nhà vận hành theo tiêu chuẩn hạng A, mọi nhân sự ra vào đều phải có thẻ của toà nhà hoặc khách hàng đến toà nhà phải trình giấy tờ tuỳ thân để được nhận thẻ khách,… An ninh, lễ tân toà nhà rất chuyên nghiệp và nhã nhặn.\n- Khoảng cách từ toà nhà đến các địa điểm chính của thành phố Đà Nẵng:\nCách trung tâm hành chính Đà Nẵng: 500 m\nCách cầu Rồng: 1 km\nCách cầu sông Hàn: 100 m\nCách sân bay Đà Nẵng: Hơn 4 km\n- Cách trung tâm hành chính Đà Nẵng: 500 m\n- Cách cầu sông Hàn: 100 m\n- Cách sân bay Đà Nẵng: Hơn 4 km\n- Hiện tại có một số đối tác lớn đang thuê tại toà nhà như: VNG Group, Starbuck, First Real, F&S Investment, Kotra,…\n- Toà nhà hiện tại là toà nhà có giá thuê vào top 1 của thành phố Đà Nẵng.\n🔹 2. Kết cấu văn phòng cho thuê quận Hải Châu Toà nhà BẠCH ĐẰNG COMPLEX\n\n📞 Liên hệ xem văn phòng: 0935723727 (Nguyễn Ngọc Thiên Bình)","Từ $ 20,0 / m2",58,"Bạch Đằng, Hải Châu, Đà Nẵng",Hải Châu,Nguyễn Ngọc Thiên Bình,0935723727,,https://officedanang.vn/property/toa-nha-bach-dang-complex/,False
Cho thuê diện tích văn phòng 74m2 tại BẠCH ĐẰNG COMPLEX Hải Châu,Văn phòng,"🌟 CHO THUÊ VĂN PHÒNG ĐẸP TẠI TÒA NHÀ BẠCH ĐẰNG COMPLEX 🌟\n\n📍 Địa chỉ: Bạch Đằng, Hải Châu, Đà Nẵng\n📐 Diện tích cho thuê: 74 m2 (trống suốt, ánh sáng tự nhiên tốt)\n💵 Giá thuê ưu đãi: Từ $ 20,0 / m2/tháng\n💼 Phù hợp cho văn phòng đại diện, quy mô doanh nghiệp vừa và nhỏ.\n\n🔹 THÔNG TIN CHI TIẾT TÒA NHÀ:\n🔹 THÔNG TIN CHI TIẾT TOÀ NHÀ BẠCH ĐẰNG COMPLEX – HERITAGE TREASURE TOWER\n“Toà nhà văn phòng hạng A nằm trong khu phức hợp trung tâm thương mại, khách sạn, văn phòng, căn hộ cao cấp của thành phố Đà Nẵng”\n🔹 1. Mô tả toà nhà BẠCH ĐẰNG COMPLEX – HERITAGE TREASURE TOWER\n- Toà nhà văn phòng cho thuê quận Hải Châu Đà Nẵng – Toà nhà BẠCH ĐẰNG COMPLEX mà tháp văn phòng được gọi với một cái tên ít được người khác biết tới là HERITAGE TREASURE TOWER nằm trên trục đường Bạch Đằng khu vực thuộc top view sông cực đẹp cùng với các toà nhà lớn như MLandmark, Novotel,…\n- Toà nhà vận hành theo tiêu chuẩn hạng A, mọi nhân sự ra vào đều phải có thẻ của toà nhà hoặc khách hàng đến toà nhà phải trình giấy tờ tuỳ thân để được nhận thẻ khách,… An ninh, lễ tân toà nhà rất chuyên nghiệp và nhã nhặn.\n- Khoảng cách từ toà nhà đến các địa điểm chính của thành phố Đà Nẵng:\nCách trung tâm hành chính Đà Nẵng: 500 m\nCách cầu Rồng: 1 km\nCách cầu sông Hàn: 100 m\nCách sân bay Đà Nẵng: Hơn 4 km\n- Cách trung tâm hành chính Đà Nẵng: 500 m\n- Cách cầu sông Hàn: 100 m\n- Cách sân bay Đà Nẵng: Hơn 4 km\n- Hiện tại có một số đối tác lớn đang thuê tại toà nhà như: VNG Group, Starbuck, First Real, F&S Investment, Kotra,…\n- Toà nhà hiện tại là toà nhà có giá thuê vào top 1 của thành phố Đà Nẵng.\n🔹 2. Kết cấu văn phòng cho thuê quận Hải Châu Toà nhà BẠCH ĐẰNG COMPLEX\n\n📞 Liên hệ xem văn phòng: 0935723727 (Nguyễn Ngọc Thiên Bình)","Từ $ 20,0 / m2",74,"Bạch Đằng, Hải Châu, Đà Nẵng",Hải Châu,Nguyễn Ngọc Thiên Bình,0935723727,,https://officedanang.vn/property/toa-nha-bach-dang-complex/,False
Văn phòng làm việc 100m2 cho thuê tại BẠCH ĐẰNG COMPLEX Quận Hải Châu,Văn phòng,"🌟 CHO THUÊ VĂN PHÒNG ĐẸP TẠI TÒA NHÀ BẠCH ĐẰNG COMPLEX 🌟\n\n📍 Địa chỉ: Bạch Đằng, Hải Châu, Đà Nẵng\n📐 Diện tích cho thuê: 100 m2 (trống suốt, ánh sáng tự nhiên tốt)\n💵 Giá thuê ưu đãi: Từ $ 20,0 / m2/tháng\n💼 Phù hợp cho văn phòng đại diện, quy mô doanh nghiệp vừa và nhỏ.\n\n🔹 THÔNG TIN CHI TIẾT TÒA NHÀ:\n🔹 THÔNG TIN CHI TIẾT TOÀ NHÀ BẠCH ĐẰNG COMPLEX – HERITAGE TREASURE TOWER\n“Toà nhà văn phòng hạng A nằm trong khu phức hợp trung tâm thương mại, khách sạn, văn phòng, căn hộ cao cấp của thành phố Đà Nẵng”\n🔹 1. Mô tả toà nhà BẠCH ĐẰNG COMPLEX – HERITAGE TREASURE TOWER\n- Toà nhà văn phòng cho thuê quận Hải Châu Đà Nẵng – Toà nhà BẠCH ĐẰNG COMPLEX mà tháp văn phòng được gọi với một cái tên ít được người khác biết tới là HERITAGE TREASURE TOWER nằm trên trục đường Bạch Đằng khu vực thuộc top view sông cực đẹp cùng với các toà nhà lớn như MLandmark, Novotel,…\n- Toà nhà vận hành theo tiêu chuẩn hạng A, mọi nhân sự ra vào đều phải có thẻ của toà nhà hoặc khách hàng đến toà nhà phải trình giấy tờ tuỳ thân để được nhận thẻ khách,… An ninh, lễ tân toà nhà rất chuyên nghiệp và nhã nhặn.\n- Khoảng cách từ toà nhà đến các địa điểm chính của thành phố Đà Nẵng:\nCách trung tâm hành chính Đà Nẵng: 500 m\nCách cầu Rồng: 1 km\nCách cầu sông Hàn: 100 m\nCách sân bay Đà Nẵng: Hơn 4 km\n- Cách trung tâm hành chính Đà Nẵng: 500 m\n- Cách cầu sông Hàn: 100 m\n- Cách sân bay Đà Nẵng: Hơn 4 km\n- Hiện tại có một số đối tác lớn đang thuê tại toà nhà như: VNG Group, Starbuck, First Real, F&S Investment, Kotra,…\n- Toà nhà hiện tại là toà nhà có giá thuê vào top 1 của thành phố Đà Nẵng.\n🔹 2. Kết cấu văn phòng cho thuê quận Hải Châu Toà nhà BẠCH ĐẰNG COMPLEX\n\n📞 Liên hệ xem văn phòng: 0935723727 (Nguyễn Ngọc Thiên Bình)","Từ $ 20,0 / m2",100,"Bạch Đằng, Hải Châu, Đà Nẵng",Hải Châu,Nguyễn Ngọc Thiên Bình,0935723727,,https://officedanang.vn/property/toa-nha-bach-dang-complex/,False
"Cho thuê văn phòng 286m2 tại BẠCH ĐẰNG COMPLEX - Quận Hải Châu, Đà Nẵng",Văn phòng,"🌟 CHO THUÊ VĂN PHÒNG ĐẸP TẠI TÒA NHÀ BẠCH ĐẰNG COMPLEX 🌟\n\n📍 Địa chỉ: Bạch Đằng, Hải Châu, Đà Nẵng\n📐 Diện tích cho thuê: 286 m2 (trống suốt, ánh sáng tự nhiên tốt)\n💵 Giá thuê ưu đãi: Từ 707.400 / m2/tháng\n💼 Phù hợp cho văn phòng đại diện, quy mô doanh nghiệp vừa và nhỏ.\n\n🔹 THÔNG TIN CHI TIẾT TÒA NHÀ:\n🔹 THÔNG TIN CHI TIẾT TOÀ NHÀ BẠCH ĐẰNG COMPLEX – HERITAGE TREASURE TOWER\n“Toà nhà văn phòng hạng A nằm trong khu phức hợp trung tâm thương mại, khách sạn, văn phòng, căn hộ cao cấp của thành phố Đà Nẵng”\n🔹 1. Mô tả toà nhà BẠCH ĐẰNG COMPLEX – HERITAGE TREASURE TOWER\n- Toà nhà văn phòng cho thuê quận Hải Châu Đà Nẵng – Toà nhà BẠCH ĐẰNG COMPLEX mà tháp văn phòng được gọi với một cái tên ít được người khác biết tới là HERITAGE TREASURE TOWER nằm trên trục đường Bạch Đằng khu vực thuộc top view sông cực đẹp cùng với các toà nhà lớn như MLandmark, Novotel,…\n- Toà nhà vận hành theo tiêu chuẩn hạng A, mọi nhân sự ra vào đều phải có thẻ của toà nhà hoặc khách hàng đến toà nhà phải trình giấy tờ tuỳ thân để được nhận thẻ khách,… An ninh, lễ tân toà nhà rất chuyên nghiệp và nhã nhặn.\n- Khoảng cách từ toà nhà đến các địa điểm chính của thành phố Đà Nẵng:\nCách trung tâm hành chính Đà Nẵng: 500 m\nCách cầu Rồng: 1 km\nCách cầu sông Hàn: 100 m\nCách sân bay Đà Nẵng: Hơn 4 km\n- Cách trung tâm hành chính Đà Nẵng: 500 m\n- Cách cầu sông Hàn: 100 m\n- Cách sân bay Đà Nẵng: Hơn 4 km\n- Hiện tại có một số đối tác lớn đang thuê tại toà nhà như: VNG Group, Starbuck, First Real, F&S Investment, Kotra,…\n- Toà nhà hiện tại là toà nhà có giá thuê vào top 1 của thành phố Đà Nẵng.\n\n📞 Liên hệ xem văn phòng: 0935723727 (Nguyễn Ngọc Thiên Bình)",202316400,286,"Bạch Đằng, Hải Châu, Đà Nẵng",Hải Châu,Nguyễn Ngọc Thiên Bình,0935723727,,https://officedanang.vn/property/toa-nha-bach-dang-complex/,False
Văn phòng làm việc 400m2 cho thuê tại BẠCH ĐẰNG COMPLEX Quận Hải Châu,Văn phòng,"🌟 CHO THUÊ VĂN PHÒNG ĐẸP TẠI TÒA NHÀ BẠCH ĐẰNG COMPLEX 🌟\n\n📍 Địa chỉ: Bạch Đằng, Hải Châu, Đà Nẵng\n📐 Diện tích cho thuê: 400 m2 (trống suốt, ánh sáng tự nhiên tốt)\n💵 Giá thuê ưu đãi: Từ $ 20,0 / m2/tháng\n💼 Phù hợp cho văn phòng đại diện, quy mô doanh nghiệp vừa và nhỏ.\n\n🔹 THÔNG TIN CHI TIẾT TÒA NHÀ:\n🔹 THÔNG TIN CHI TIẾT TOÀ NHÀ BẠCH ĐẰNG COMPLEX – HERITAGE TREASURE TOWER\n“Toà nhà văn phòng hạng A nằm trong khu phức hợp trung tâm thương mại, khách sạn, văn phòng, căn hộ cao cấp của thành phố Đà Nẵng”\n🔹 1. Mô tả toà nhà BẠCH ĐẰNG COMPLEX – HERITAGE TREASURE TOWER\n- Toà nhà văn phòng cho thuê quận Hải Châu Đà Nẵng – Toà nhà BẠCH ĐẰNG COMPLEX mà tháp văn phòng được gọi với một cái tên ít được người khác biết tới là HERITAGE TREASURE TOWER nằm trên trục đường Bạch Đằng khu vực thuộc top view sông cực đẹp cùng với các toà nhà lớn như MLandmark, Novotel,…\n- Toà nhà vận hành theo tiêu chuẩn hạng A, mọi nhân sự ra vào đều phải có thẻ của toà nhà hoặc khách hàng đến toà nhà phải trình giấy tờ tuỳ thân để được nhận thẻ khách,… An ninh, lễ tân toà nhà rất chuyên nghiệp và nhã nhặn.\n- Khoảng cách từ toà nhà đến các địa điểm chính của thành phố Đà Nẵng:\nCách trung tâm hành chính Đà Nẵng: 500 m\nCách cầu Rồng: 1 km\nCách cầu sông Hàn: 100 m\nCách sân bay Đà Nẵng: Hơn 4 km\n- Cách trung tâm hành chính Đà Nẵng: 500 m\n- Cách cầu sông Hàn: 100 m\n- Cách sân bay Đà Nẵng: Hơn 4 km\n- Hiện tại có một số đối tác lớn đang thuê tại toà nhà như: VNG Group, Starbuck, First Real, F&S Investment, Kotra,…\n- Toà nhà hiện tại là toà nhà có giá thuê vào top 1 của thành phố Đà Nẵng.\n🔹 2. Kết cấu văn phòng cho thuê quận Hải Châu Toà nhà BẠCH ĐẰNG COMPLEX\n\n📞 Liên hệ xem văn phòng: 0935723727 (Nguyễn Ngọc Thiên Bình)","Từ $ 20,0 / m2",400,"Bạch Đằng, Hải Châu, Đà Nẵng",Hải Châu,Nguyễn Ngọc Thiên Bình,0935723727,,https://officedanang.vn/property/toa-nha-bach-dang-complex/,False
"Văn phòng cho thuê 633m2 tại tòa nhà BẠCH ĐẰNG COMPLEX, Hải Châu",Văn phòng,"🌟 CHO THUÊ VĂN PHÒNG ĐẸP TẠI TÒA NHÀ BẠCH ĐẰNG COMPLEX 🌟\n\n📍 Địa chỉ: Bạch Đằng, Hải Châu, Đà Nẵng\n📐 Diện tích cho thuê: 633 m2 (trống suốt, ánh sáng tự nhiên tốt)\n💵 Giá thuê ưu đãi: Từ $ 20,0 / m2/tháng\n💼 Phù hợp cho văn phòng đại diện, quy mô doanh nghiệp vừa và nhỏ.\n\n🔹 THÔNG TIN CHI TIẾT TÒA NHÀ:\n🔹 THÔNG TIN CHI TIẾT TOÀ NHÀ BẠCH ĐẰNG COMPLEX – HERITAGE TREASURE TOWER\n“Toà nhà văn phòng hạng A nằm trong khu phức hợp trung tâm thương mại, khách sạn, văn phòng, căn hộ cao cấp của thành phố Đà Nẵng”\n🔹 1. Mô tả toà nhà BẠCH ĐẰNG COMPLEX – HERITAGE TREASURE TOWER\n- Toà nhà văn phòng cho thuê quận Hải Châu Đà Nẵng – Toà nhà BẠCH ĐẰNG COMPLEX mà tháp văn phòng được gọi với một cái tên ít được người khác biết tới là HERITAGE TREASURE TOWER nằm trên trục đường Bạch Đằng khu vực thuộc top view sông cực đẹp cùng với các toà nhà lớn như MLandmark, Novotel,…\n- Toà nhà vận hành theo tiêu chuẩn hạng A, mọi nhân sự ra vào đều phải có thẻ của toà nhà hoặc khách hàng đến toà nhà phải trình giấy tờ tuỳ thân để được nhận thẻ khách,… An ninh, lễ tân toà nhà rất chuyên nghiệp và nhã nhặn.\n- Khoảng cách từ toà nhà đến các địa điểm chính của thành phố Đà Nẵng:\nCách trung tâm hành chính Đà Nẵng: 500 m\nCách cầu Rồng: 1 km\nCách cầu sông Hàn: 100 m\nCách sân bay Đà Nẵng: Hơn 4 km\n- Cách trung tâm hành chính Đà Nẵng: 500 m\n- Cách cầu sông Hàn: 100 m\n- Cách sân bay Đà Nẵng: Hơn 4 km\n- Hiện tại có một số đối tác lớn đang thuê tại toà nhà như: VNG Group, Starbuck, First Real, F&S Investment, Kotra,…\n- Toà nhà hiện tại là toà nhà có giá thuê vào top 1 của thành phố Đà Nẵng.\n🔹 2. Kết cấu văn phòng cho thuê quận Hải Châu Toà nhà BẠCH ĐẰNG COMPLEX\n\n📞 Liên hệ xem văn phòng: 0935.723.727 (Nguyễn Ngọc Thiên Bình)",364861200,633,"Bạch Đằng, Hải Châu, Đà Nẵng",Hải Châu,Nguyễn Ngọc Thiên Bình,0935723727,,https://officedanang.vn/property/toa-nha-bach-dang-complex/,False
Văn phòng làm việc 9736m2 cho thuê tại BẠCH ĐẰNG COMPLEX Quận Hải Châu,Văn phòng,"🌟 CHO THUÊ VĂN PHÒNG ĐẸP TẠI TÒA NHÀ BẠCH ĐẰNG COMPLEX 🌟\n\n📍 Địa chỉ: Bạch Đằng, Hải Châu, Đà Nẵng\n📐 Diện tích cho thuê: 9736 m2 (trống suốt, ánh sáng tự nhiên tốt)\n💵 Giá thuê ưu đãi: Từ $ 20,0 / m2/tháng\n💼 Phù hợp cho văn phòng đại diện, quy mô doanh nghiệp vừa và nhỏ.\n\n🔹 THÔNG TIN CHI TIẾT TÒA NHÀ:\n🔹 THÔNG TIN CHI TIẾT TOÀ NHÀ BẠCH ĐẰNG COMPLEX – HERITAGE TREASURE TOWER\n“Toà nhà văn phòng hạng A nằm trong khu phức hợp trung tâm thương mại, khách sạn, văn phòng, căn hộ cao cấp của thành phố Đà Nẵng”\n🔹 1. Mô tả toà nhà BẠCH ĐẰNG COMPLEX – HERITAGE TREASURE TOWER\n- Toà nhà văn phòng cho thuê quận Hải Châu Đà Nẵng – Toà nhà BẠCH ĐẰNG COMPLEX mà tháp văn phòng được gọi với một cái tên ít được người khác biết tới là HERITAGE TREASURE TOWER nằm trên trục đường Bạch Đằng khu vực thuộc top view sông cực đẹp cùng với các toà nhà lớn như MLandmark, Novotel,…\n- Toà nhà vận hành theo tiêu chuẩn hạng A, mọi nhân sự ra vào đều phải có thẻ của toà nhà hoặc khách hàng đến toà nhà phải trình giấy tờ tuỳ thân để được nhận thẻ khách,… An ninh, lễ tân toà nhà rất chuyên nghiệp và nhã nhặn.\n- Khoảng cách từ toà nhà đến các địa điểm chính của thành phố Đà Nẵng:\nCách trung tâm hành chính Đà Nẵng: 500 m\nCách cầu Rồng: 1 km\nCách cầu sông Hàn: 100 m\nCách sân bay Đà Nẵng: Hơn 4 km\n- Cách trung tâm hành chính Đà Nẵng: 500 m\n- Cách cầu sông Hàn: 100 m\n- Cách sân bay Đà Nẵng: Hơn 4 km\n- Hiện tại có một số đối tác lớn đang thuê tại toà nhà như: VNG Group, Starbuck, First Real, F&S Investment, Kotra,…\n- Toà nhà hiện tại là toà nhà có giá thuê vào top 1 của thành phố Đà Nẵng.\n🔹 2. Kết cấu văn phòng cho thuê quận Hải Châu Toà nhà BẠCH ĐẰNG COMPLEX\n\n📞 Liên hệ xem văn phòng: 0935723727 (Nguyễn Ngọc Thiên Bình)","Từ $ 20,0 / m2",9736,"Bạch Đằng, Hải Châu, Đà Nẵng",Hải Châu,Nguyễn Ngọc Thiên Bình,0935723727,,https://officedanang.vn/property/toa-nha-bach-dang-complex/,False
Cho thuê diện tích văn phòng 2m2 tại LILAMA 7 Hải Châu,Văn phòng,"🌟 CHO THUÊ VĂN PHÒNG ĐẸP TẠI TÒA NHÀ LILAMA 7 🌟\n\n📍 Địa chỉ: Đường 2/9, Hải Châu, Đà Nẵng\n📐 Diện tích cho thuê: 2 m2 (trống suốt, ánh sáng tự nhiên tốt)\n💵 Giá thuê ưu đãi: $ 8,0 / m2/tháng\n💼 Phù hợp cho văn phòng đại diện, quy mô doanh nghiệp vừa và nhỏ.\n\n🔹 THÔNG TIN CHI TIẾT TÒA NHÀ:\n🔹 THÔNG TIN CHI TIẾT TOÀ NHÀ LILAMA 7\n🔹 1. Mô tả toà nhà LILAMA 7\n- Toà nhà văn phòng cho thuê tại Đà Nẵng – Toà nhà LILAMA 7 nằm trên trục đường 2 tháng 9 khu vực gần quảng trường 2/9 và công viên Châu Á (Asia Park). Đoạn đường giao thông thuận tiện, đậu đỗ xe thoải mái.\n- Cơ sở vật chất của tòa nhà tương đối cũ, tuy nhiên, giá thuê lại nằm trong phân khúc giá rẻ của thị trường văn phòng cho thuê tại Đà Nẵng.\n🔹 2. Kết cấu toà nhà LILAMA 7\n- Số tầng của toà nhà: 6 tầng\n- Diện tích sàn: 300 m2\n- Diện tích sử dụng sàn văn phòng: 200m2\n- Bãi để xe: Tầng trệt tòa nhà\n- Số thang máy: 1 thang\n🔹 3. Phí dịch vụ toà nhà LILAMA 7 bao gồm\n- Chi phí quản lý của tòa nhà;\n\n📞 Liên hệ xem văn phòng: 0935723727 (Nguyễn Ngọc Thiên Bình)","$ 8,0 / m2",2,"Đường 2/9, Hải Châu, Đà Nẵng",Hải Châu,Nguyễn Ngọc Thiên Bình,0935723727,,https://officedanang.vn/property/toa-nha-lilama-7/,False
Cho thuê sàn văn phòng 45m2 ở MƯỜNG THANH SÔNG HÀN - Q. Hải Châu,Văn phòng,"🌟 CHO THUÊ VĂN PHÒNG ĐẸP TẠI TÒA NHÀ MƯỜNG THANH SÔNG HÀN 🌟\n\n📍 Địa chỉ: Nguyễn Văn Linh, Hải Châu, Đà Nẵng\n📐 Diện tích cho thuê: 45 m2 (trống suốt, ánh sáng tự nhiên tốt)\n💵 Giá thuê ưu đãi: $ 9,8 / m2/tháng\n💼 Phù hợp cho văn phòng đại diện, quy mô doanh nghiệp vừa và nhỏ.\n\n🔹 THÔNG TIN CHI TIẾT TÒA NHÀ:\n🔹 THÔNG TIN CHI TIẾT TOÀ NHÀ MƯỜNG THANH SÔNG HÀN\n“Tòa nhà văn phòng kết hợp khách sạn 5 sao hiếm hoi tại Đà Nẵng”\n🔹 1. Mô tả toà nhà MƯỜNG THANH SÔNG HÀN\n- Toà nhà văn phòng cho thuê quận Hải Châu – Toà nhà MƯỜNG THANH SÔNG HÀN tọa lạc tại ngã 5 Nguyễn Văn Linh, Ông Ích Khiêm, Hoàng Diệu, là một trong những tòa nhà có vị trí đắt địa tại Đà Nẵng.\n- Từ tòa nhà có thể di chuyển đến tất cả các vị trí khác như Cầu Rồng, cầu Sông Hàn, Trung tâm Hành chính thành phố…một cách dễ dàng.\n- Ngoài khu vực văn phòng cho thuê từ tầng 5  đến tầng 9, Tòa nhà MƯỜNG THANH SÔNG HÀN còn có dịch vụ khách sạn 5 sao, nhà hàng, khu vực Casino…\n- Với vị trí tốt, tòa nhà MƯỜNG THANH SÔNG HÀN được nhiều công ty lựa chọn là nơi đặt trụ sở văn phòng.\n🔹 2. Kết cấu toà nhà MƯỜNG THANH SÔNG HÀN\n- Số tầng của toà nhà: 23 tầng nổi, trong đó có 5 dành cho khối văn phòng cho thuê, các tầng còn lại là dịch vụ khách sạn với tiêu chuẩn 5 sao.\n- Diện tích sàn: 1000m2\n- Diện tích sàn sử dụng văn phòng:850 m2\n- Số tầng hầm: 1 tầng hầm\n\n📞 Liên hệ xem văn phòng: 0935723727 (Nguyễn Ngọc Thiên Bình)","$ 9,8 / m2",45,"Nguyễn Văn Linh, Hải Châu, Đà Nẵng",Hải Châu,Nguyễn Ngọc Thiên Bình,0935723727,,https://officedanang.vn/property/toa-nha-muong-thanh-song-han/,False
Cho thuê diện tích văn phòng 922m2 tại MƯỜNG THANH SÔNG HÀN Hải Châu,Văn phòng,"🌟 CHO THUÊ VĂN PHÒNG ĐẸP TẠI TÒA NHÀ MƯỜNG THANH SÔNG HÀN 🌟\n\n📍 Địa chỉ: Nguyễn Văn Linh, Hải Châu, Đà Nẵng\n📐 Diện tích cho thuê: 922 m2 (trống suốt, ánh sáng tự nhiên tốt)\n💵 Giá thuê ưu đãi: $ 9,8 / m2/tháng\n💼 Phù hợp cho văn phòng đại diện, quy mô doanh nghiệp vừa và nhỏ.\n\n🔹 THÔNG TIN CHI TIẾT TÒA NHÀ:\n🔹 THÔNG TIN CHI TIẾT TOÀ NHÀ MƯỜNG THANH SÔNG HÀN\n“Tòa nhà văn phòng kết hợp khách sạn 5 sao hiếm hoi tại Đà Nẵng”\n🔹 1. Mô tả toà nhà MƯỜNG THANH SÔNG HÀN\n- Toà nhà văn phòng cho thuê quận Hải Châu – Toà nhà MƯỜNG THANH SÔNG HÀN tọa lạc tại ngã 5 Nguyễn Văn Linh, Ông Ích Khiêm, Hoàng Diệu, là một trong những tòa nhà có vị trí đắt địa tại Đà Nẵng.\n- Từ tòa nhà có thể di chuyển đến tất cả các vị trí khác như Cầu Rồng, cầu Sông Hàn, Trung tâm Hành chính thành phố…một cách dễ dàng.\n- Ngoài khu vực văn phòng cho thuê từ tầng 5  đến tầng 9, Tòa nhà MƯỜNG THANH SÔNG HÀN còn có dịch vụ khách sạn 5 sao, nhà hàng, khu vực Casino…\n- Với vị trí tốt, tòa nhà MƯỜNG THANH SÔNG HÀN được nhiều công ty lựa chọn là nơi đặt trụ sở văn phòng.\n🔹 2. Kết cấu toà nhà MƯỜNG THANH SÔNG HÀN\n- Số tầng của toà nhà: 23 tầng nổi, trong đó có 5 dành cho khối văn phòng cho thuê, các tầng còn lại là dịch vụ khách sạn với tiêu chuẩn 5 sao.\n- Diện tích sàn: 1000m2\n- Diện tích sàn sử dụng văn phòng:850 m2\n- Số tầng hầm: 1 tầng hầm\n\n📞 Liên hệ xem văn phòng: 0935723727 (Nguyễn Ngọc Thiên Bình)","$ 9,8 / m2",922,"Nguyễn Văn Linh, Hải Châu, Đà Nẵng",Hải Châu,Nguyễn Ngọc Thiên Bình,0935723727,,https://officedanang.vn/property/toa-nha-muong-thanh-song-han/,False
Cho thuê diện tích văn phòng 9368m2 tại KHÁCH SẠN SÔNG HÀN Hải Châu,Văn phòng,"🌟 CHO THUÊ VĂN PHÒNG ĐẸP TẠI TÒA NHÀ KHÁCH SẠN SÔNG HÀN 🌟\n\n📍 Địa chỉ: Lý Tự Trọng, Hải Châu, Đà Nẵng\n📐 Diện tích cho thuê: 9368 m2 (trống suốt, ánh sáng tự nhiên tốt)\n💵 Giá thuê ưu đãi: $ 7,0 / m2/tháng\n💼 Phù hợp cho văn phòng đại diện, quy mô doanh nghiệp vừa và nhỏ.\n\n🔹 THÔNG TIN CHI TIẾT TÒA NHÀ:\n🔹 THÔNG TIN CHI TIẾT TOÀ NHÀ KHÁCH SẠN SÔNG HÀN\n“Toà nhà khách sạn kết hợp văn phòng cho thuê nằm gần Trung tâm hành chính thành phố”\n🔹 1. Mô tả văn phòng cho thuê quận Hải Châu Toà nhà KHÁCH SẠN SÔNG HÀN\n- Toà nhà văn phòng gần trung tâm hành chính – Toà nhà KHÁCH SẠN SÔNG HÀN nằm trên đường Lý Tự Trọng, phường Thanh Bình, quận Hải Châu, thành phố Đà Nẵng.\n- Toà nhà KHÁCH SẠN SÔNG HÀN gồm 16 tầng, diện tích mỗi sàn 354 m2, được sử dụng chủ yếu phục vụ cho việc lưu trú của khách hàng. Toà nhà chỉ có 2 tầng văn phòng cho thuê, với diện tích sử dụng mỗi tầng tương đương 300 m2. KHÁCH SẠN SÔNG HÀN gồm có 133 phòng khách sạn, được thiết kế theo phong cách trang nhà, thanh lịch, mang đậm sự hoà trộn giữa truyền thống Việt Nam và âm hưởng phương Tây. Ngoài ra, toà nhà còn có 3 nhà hàng sang trọng với đầy đủ các món ăn Á – Âu, 1 quầy bar, 1 khu vật lý trị liệu và một hội trường được trang bị đầy đủ các thiết bị tiện nghi.\n- Khu vực xung quanh toà nhà KHÁCH SẠN SÔNG HÀN tập trung nhiều quán cà phê, quán ăn, đảm bảo sự tiện lợi cho dân công sở.\n🔹 2. Kết cấu văn phòng cho thuê quận Hải Châu toà nhà KHÁCH SẠN SÔNG HÀN\n- Diện tích sử dụng cho thuê văn phòng: 300m2\n- Khu vực để xe: Tầng hầm\n- Số thang máy: 4 thang\nTOÀ NHÀ KHÁCH SẠN SÔNG HÀN\n🔹 3. Chi phí thuê văn phòng cho thuê quận Hải Châu toà nhà KHÁCH SẠN SÔNG HÀN\n\n📞 Liên hệ xem văn phòng: 0935723727 (Nguyễn Ngọc Thiên Bình)","$ 7,0 / m2",9368,"Lý Tự Trọng, Hải Châu, Đà Nẵng",Hải Châu,Nguyễn Ngọc Thiên Bình,0935723727,,https://officedanang.vn/property/toa-nha-khach-san-song-han/,False
"Văn phòng cho thuê 166m2 tại tòa nhà THE MANOR CROWN HUẾ, Hải Châu",Văn phòng,"🌟 CHO THUÊ VĂN PHÒNG ĐẸP TẠI TÒA NHÀ THE MANOR CROWN HUẾ 🌟\n\n📍 Địa chỉ: Tố Hữu, Xuân Phú, Thành Phố Huế\n📐 Diện tích cho thuê: 166 m2 (trống suốt, ánh sáng tự nhiên tốt)\n💵 Giá thuê ưu đãi: Thỏa thuận/tháng\n💼 Phù hợp cho văn phòng đại diện, quy mô doanh nghiệp vừa và nhỏ.\n\n🔹 THÔNG TIN CHI TIẾT TÒA NHÀ:\n🔹 THÔNG TIN CHI TIẾT TOÀ NHÀ THE MANOR CROWN HUẾ\n“Toà nhà văn phòng cho thuê với diện tích sàn lớn nhất tại Huế”\n🔹 1. Mô tả văn phòng cho thuê phường Xuân Phú – Toà nhà THE MANOR CROWN HUẾ\n- Toà nhà văn phòng cho thuê phường Xuân Phú – Toà nhà THE MANOR CROWN HUẾ nằm ở mặt tiền đường Tố Hữu, phường Xuân Phú, Thành phố Huế. Tòa nhà THE MANOR CROWN HUẾ là toà nhà văn phòng cho thuê tại Huế có diện tích sàn lớn nhất ở thành phố Huế.\n- THE MANOR CROWN HUẾ là tổ hợp của 2 toà nhà cao ốc với quy mô mỗi toà 18 tầng, khu shop house, khu biệt thự, căn hộ, nhà phố kinh doanh và văn phòng cho thuê. Tổng diện tích đất của tổ hợp này lên đến 41.940 m2, trong đó, 2 toà nhà cao ốc quy mô 10.028 m2, khu nhà phố liền kề quy mô 4.486 m2 và khu biệt thự song lập với quy mô 3.634 m2, khu vực còn lại tập trung cho các tiện ích của dự án như công viên cây xanh, đường đi…\n- Được thiết kế theo phong cách tân cổ điển, tái hiện tại kiến trúc đô thị cổ Châu Âu, vừa cổ kính, lộng lẫy nhưng vẫn sang trọng, hiện đại toà nhà THE MANOR CROWN HUẾ được ví như một Paris thu nhỏ giữa lòng cố đô,\n- Toà nhà THE MANOR CROWN HUẾ có vị trí vô cùng thuận lợi khi cách Cầu Trường Tiền 1 km; cách Đại Nội Huế 1,5 km; và cách siêu thị Go!, Vincom Huế chỉ 0,5 km.\n🔹 2. Kết cấu văn phòng cho thuê phường Xuân Phú – Toà nhà THE MANOR CROWN HUẾ\n- Kết cấu: 18 tầng nổi, 1 tầng hầm\n- Diện tích sàn văn phòng: ~4000 m2\n- Diện tích cho thuê: từ 96 – 104 – 200 – 500 m2\n\n📞 Liên hệ xem văn phòng: 0935723727 (Nguyễn Ngọc Thiên Bình)",Thỏa thuận,166,"Tố Hữu, Xuân Phú, Thành Phố Huế",Hải Châu,Nguyễn Ngọc Thiên Bình,0935723727,,https://officedanang.vn/property/toa-nha-the-manor-crown-hue/,False
"Cho thuê văn phòng trống 195m2 cực đẹp ở tòa nhà THE MANOR CROWN HUẾ, Hải Châu",Văn phòng,"🌟 CHO THUÊ VĂN PHÒNG ĐẸP TẠI TÒA NHÀ THE MANOR CROWN HUẾ 🌟\n\n📍 Địa chỉ: Tố Hữu, Xuân Phú, Thành Phố Huế\n📐 Diện tích cho thuê: 195 m2 (trống suốt, ánh sáng tự nhiên tốt)\n💵 Giá thuê ưu đãi: Thỏa thuận/tháng\n💼 Phù hợp cho văn phòng đại diện, quy mô doanh nghiệp vừa và nhỏ.\n\n🔹 THÔNG TIN CHI TIẾT TÒA NHÀ:\n🔹 THÔNG TIN CHI TIẾT TOÀ NHÀ THE MANOR CROWN HUẾ\n“Toà nhà văn phòng cho thuê với diện tích sàn lớn nhất tại Huế”\n🔹 1. Mô tả văn phòng cho thuê phường Xuân Phú – Toà nhà THE MANOR CROWN HUẾ\n- Toà nhà văn phòng cho thuê phường Xuân Phú – Toà nhà THE MANOR CROWN HUẾ nằm ở mặt tiền đường Tố Hữu, phường Xuân Phú, Thành phố Huế. Tòa nhà THE MANOR CROWN HUẾ là toà nhà văn phòng cho thuê tại Huế có diện tích sàn lớn nhất ở thành phố Huế.\n- THE MANOR CROWN HUẾ là tổ hợp của 2 toà nhà cao ốc với quy mô mỗi toà 18 tầng, khu shop house, khu biệt thự, căn hộ, nhà phố kinh doanh và văn phòng cho thuê. Tổng diện tích đất của tổ hợp này lên đến 41.940 m2, trong đó, 2 toà nhà cao ốc quy mô 10.028 m2, khu nhà phố liền kề quy mô 4.486 m2 và khu biệt thự song lập với quy mô 3.634 m2, khu vực còn lại tập trung cho các tiện ích của dự án như công viên cây xanh, đường đi…\n- Được thiết kế theo phong cách tân cổ điển, tái hiện tại kiến trúc đô thị cổ Châu Âu, vừa cổ kính, lộng lẫy nhưng vẫn sang trọng, hiện đại toà nhà THE MANOR CROWN HUẾ được ví như một Paris thu nhỏ giữa lòng cố đô,\n- Toà nhà THE MANOR CROWN HUẾ có vị trí vô cùng thuận lợi khi cách Cầu Trường Tiền 1 km; cách Đại Nội Huế 1,5 km; và cách siêu thị Go!, Vincom Huế chỉ 0,5 km.\n🔹 2. Kết cấu văn phòng cho thuê phường Xuân Phú – Toà nhà THE MANOR CROWN HUẾ\n- Kết cấu: 18 tầng nổi, 1 tầng hầm\n- Diện tích sàn văn phòng: ~4000 m2\n- Diện tích cho thuê: từ 96 – 104 – 200 – 500 m2\n\n📞 Liên hệ xem văn phòng: 0935723727 (Nguyễn Ngọc Thiên Bình)",Thỏa thuận,195,"Tố Hữu, Xuân Phú, Thành Phố Huế",Hải Châu,Nguyễn Ngọc Thiên Bình,0935723727,,https://officedanang.vn/property/toa-nha-the-manor-crown-hue/,False
Văn phòng làm việc 334m2 cho thuê tại THE MANOR CROWN HUẾ Quận Hải Châu,Văn phòng,"🌟 CHO THUÊ VĂN PHÒNG ĐẸP TẠI TÒA NHÀ THE MANOR CROWN HUẾ 🌟\n\n📍 Địa chỉ: Tố Hữu, Xuân Phú, Thành Phố Huế\n📐 Diện tích cho thuê: 334 m2 (trống suốt, ánh sáng tự nhiên tốt)\n💵 Giá thuê ưu đãi: Thỏa thuận/tháng\n💼 Phù hợp cho văn phòng đại diện, quy mô doanh nghiệp vừa và nhỏ.\n\n🔹 THÔNG TIN CHI TIẾT TÒA NHÀ:\n🔹 THÔNG TIN CHI TIẾT TOÀ NHÀ THE MANOR CROWN HUẾ\n“Toà nhà văn phòng cho thuê với diện tích sàn lớn nhất tại Huế”\n🔹 1. Mô tả văn phòng cho thuê phường Xuân Phú – Toà nhà THE MANOR CROWN HUẾ\n- Toà nhà văn phòng cho thuê phường Xuân Phú – Toà nhà THE MANOR CROWN HUẾ nằm ở mặt tiền đường Tố Hữu, phường Xuân Phú, Thành phố Huế. Tòa nhà THE MANOR CROWN HUẾ là toà nhà văn phòng cho thuê tại Huế có diện tích sàn lớn nhất ở thành phố Huế.\n- THE MANOR CROWN HUẾ là tổ hợp của 2 toà nhà cao ốc với quy mô mỗi toà 18 tầng, khu shop house, khu biệt thự, căn hộ, nhà phố kinh doanh và văn phòng cho thuê. Tổng diện tích đất của tổ hợp này lên đến 41.940 m2, trong đó, 2 toà nhà cao ốc quy mô 10.028 m2, khu nhà phố liền kề quy mô 4.486 m2 và khu biệt thự song lập với quy mô 3.634 m2, khu vực còn lại tập trung cho các tiện ích của dự án như công viên cây xanh, đường đi…\n- Được thiết kế theo phong cách tân cổ điển, tái hiện tại kiến trúc đô thị cổ Châu Âu, vừa cổ kính, lộng lẫy nhưng vẫn sang trọng, hiện đại toà nhà THE MANOR CROWN HUẾ được ví như một Paris thu nhỏ giữa lòng cố đô,\n- Toà nhà THE MANOR CROWN HUẾ có vị trí vô cùng thuận lợi khi cách Cầu Trường Tiền 1 km; cách Đại Nội Huế 1,5 km; và cách siêu thị Go!, Vincom Huế chỉ 0,5 km.\n🔹 2. Kết cấu văn phòng cho thuê phường Xuân Phú – Toà nhà THE MANOR CROWN HUẾ\n- Kết cấu: 18 tầng nổi, 1 tầng hầm\n- Diện tích sàn văn phòng: ~4000 m2\n- Diện tích cho thuê: từ 96 – 104 – 200 – 500 m2\n\n📞 Liên hệ xem văn phòng: 0935723727 (Nguyễn Ngọc Thiên Bình)",Thỏa thuận,334,"Tố Hữu, Xuân Phú, Thành Phố Huế",Hải Châu,Nguyễn Ngọc Thiên Bình,0935723727,,https://officedanang.vn/property/toa-nha-the-manor-crown-hue/,False
"Cho thuê văn phòng 390m2 tại THE MANOR CROWN HUẾ - Quận Hải Châu, Đà Nẵng",Văn phòng,"🌟 CHO THUÊ VĂN PHÒNG ĐẸP TẠI TÒA NHÀ THE MANOR CROWN HUẾ 🌟\n\n📍 Địa chỉ: Tố Hữu, Xuân Phú, Thành Phố Huế\n📐 Diện tích cho thuê: 390 m2 (trống suốt, ánh sáng tự nhiên tốt)\n💵 Giá thuê ưu đãi: Thỏa thuận/tháng\n💼 Phù hợp cho văn phòng đại diện, quy mô doanh nghiệp vừa và nhỏ.\n\n🔹 THÔNG TIN CHI TIẾT TÒA NHÀ:\n🔹 THÔNG TIN CHI TIẾT TOÀ NHÀ THE MANOR CROWN HUẾ\n“Toà nhà văn phòng cho thuê với diện tích sàn lớn nhất tại Huế”\n🔹 1. Mô tả văn phòng cho thuê phường Xuân Phú – Toà nhà THE MANOR CROWN HUẾ\n- Toà nhà văn phòng cho thuê phường Xuân Phú – Toà nhà THE MANOR CROWN HUẾ nằm ở mặt tiền đường Tố Hữu, phường Xuân Phú, Thành phố Huế. Tòa nhà THE MANOR CROWN HUẾ là toà nhà văn phòng cho thuê tại Huế có diện tích sàn lớn nhất ở thành phố Huế.\n- THE MANOR CROWN HUẾ là tổ hợp của 2 toà nhà cao ốc với quy mô mỗi toà 18 tầng, khu shop house, khu biệt thự, căn hộ, nhà phố kinh doanh và văn phòng cho thuê. Tổng diện tích đất của tổ hợp này lên đến 41.940 m2, trong đó, 2 toà nhà cao ốc quy mô 10.028 m2, khu nhà phố liền kề quy mô 4.486 m2 và khu biệt thự song lập với quy mô 3.634 m2, khu vực còn lại tập trung cho các tiện ích của dự án như công viên cây xanh, đường đi…\n- Được thiết kế theo phong cách tân cổ điển, tái hiện tại kiến trúc đô thị cổ Châu Âu, vừa cổ kính, lộng lẫy nhưng vẫn sang trọng, hiện đại toà nhà THE MANOR CROWN HUẾ được ví như một Paris thu nhỏ giữa lòng cố đô,\n- Toà nhà THE MANOR CROWN HUẾ có vị trí vô cùng thuận lợi khi cách Cầu Trường Tiền 1 km; cách Đại Nội Huế 1,5 km; và cách siêu thị Go!, Vincom Huế chỉ 0,5 km.\n🔹 2. Kết cấu văn phòng cho thuê phường Xuân Phú – Toà nhà THE MANOR CROWN HUẾ\n- Kết cấu: 18 tầng nổi, 1 tầng hầm\n- Diện tích sàn văn phòng: ~4000 m2\n- Diện tích cho thuê: từ 96 – 104 – 200 – 500 m2\n\n📞 Liên hệ xem văn phòng: 0935723727 (Nguyễn Ngọc Thiên Bình)",Thỏa thuận,390,"Tố Hữu, Xuân Phú, Thành Phố Huế",Hải Châu,Nguyễn Ngọc Thiên Bình,0935723727,,https://officedanang.vn/property/toa-nha-the-manor-crown-hue/,False
"Cho thuê văn phòng trống 735m2 cực đẹp ở tòa nhà THE MANOR CROWN HUẾ, Hải Châu",Văn phòng,"🌟 CHO THUÊ VĂN PHÒNG ĐẸP TẠI TÒA NHÀ THE MANOR CROWN HUẾ 🌟\n\n📍 Địa chỉ: Tố Hữu, Xuân Phú, Thành Phố Huế\n📐 Diện tích cho thuê: 735 m2 (trống suốt, ánh sáng tự nhiên tốt)\n💵 Giá thuê ưu đãi: Thỏa thuận/tháng\n💼 Phù hợp cho văn phòng đại diện, quy mô doanh nghiệp vừa và nhỏ.\n\n🔹 THÔNG TIN CHI TIẾT TÒA NHÀ:\n🔹 THÔNG TIN CHI TIẾT TOÀ NHÀ THE MANOR CROWN HUẾ\n“Toà nhà văn phòng cho thuê với diện tích sàn lớn nhất tại Huế”\n🔹 1. Mô tả văn phòng cho thuê phường Xuân Phú – Toà nhà THE MANOR CROWN HUẾ\n- Toà nhà văn phòng cho thuê phường Xuân Phú – Toà nhà THE MANOR CROWN HUẾ nằm ở mặt tiền đường Tố Hữu, phường Xuân Phú, Thành phố Huế. Tòa nhà THE MANOR CROWN HUẾ là toà nhà văn phòng cho thuê tại Huế có diện tích sàn lớn nhất ở thành phố Huế.\n- THE MANOR CROWN HUẾ là tổ hợp của 2 toà nhà cao ốc với quy mô mỗi toà 18 tầng, khu shop house, khu biệt thự, căn hộ, nhà phố kinh doanh và văn phòng cho thuê. Tổng diện tích đất của tổ hợp này lên đến 41.940 m2, trong đó, 2 toà nhà cao ốc quy mô 10.028 m2, khu nhà phố liền kề quy mô 4.486 m2 và khu biệt thự song lập với quy mô 3.634 m2, khu vực còn lại tập trung cho các tiện ích của dự án như công viên cây xanh, đường đi…\n- Được thiết kế theo phong cách tân cổ điển, tái hiện tại kiến trúc đô thị cổ Châu Âu, vừa cổ kính, lộng lẫy nhưng vẫn sang trọng, hiện đại toà nhà THE MANOR CROWN HUẾ được ví như một Paris thu nhỏ giữa lòng cố đô,\n- Toà nhà THE MANOR CROWN HUẾ có vị trí vô cùng thuận lợi khi cách Cầu Trường Tiền 1 km; cách Đại Nội Huế 1,5 km; và cách siêu thị Go!, Vincom Huế chỉ 0,5 km.\n🔹 2. Kết cấu văn phòng cho thuê phường Xuân Phú – Toà nhà THE MANOR CROWN HUẾ\n- Kết cấu: 18 tầng nổi, 1 tầng hầm\n- Diện tích sàn văn phòng: ~4000 m2\n- Diện tích cho thuê: từ 96 – 104 – 200 – 500 m2\n\n📞 Liên hệ xem văn phòng: 0935723727 (Nguyễn Ngọc Thiên Bình)",Thỏa thuận,735,"Tố Hữu, Xuân Phú, Thành Phố Huế",Hải Châu,Nguyễn Ngọc Thiên Bình,0935723727,,https://officedanang.vn/property/toa-nha-the-manor-crown-hue/,False
"Cho thuê văn phòng trống 1000m2 cực đẹp ở tòa nhà THE MANOR CROWN HUẾ, Hải Châu",Văn phòng,"🌟 CHO THUÊ VĂN PHÒNG ĐẸP TẠI TÒA NHÀ THE MANOR CROWN HUẾ 🌟\n\n📍 Địa chỉ: Tố Hữu, Xuân Phú, Thành Phố Huế\n📐 Diện tích cho thuê: 1000 m2 (trống suốt, ánh sáng tự nhiên tốt)\n💵 Giá thuê ưu đãi: Thỏa thuận/tháng\n💼 Phù hợp cho văn phòng đại diện, quy mô doanh nghiệp vừa và nhỏ.\n\n🔹 THÔNG TIN CHI TIẾT TÒA NHÀ:\n🔹 THÔNG TIN CHI TIẾT TOÀ NHÀ THE MANOR CROWN HUẾ\n“Toà nhà văn phòng cho thuê với diện tích sàn lớn nhất tại Huế”\n🔹 1. Mô tả văn phòng cho thuê phường Xuân Phú – Toà nhà THE MANOR CROWN HUẾ\n- Toà nhà văn phòng cho thuê phường Xuân Phú – Toà nhà THE MANOR CROWN HUẾ nằm ở mặt tiền đường Tố Hữu, phường Xuân Phú, Thành phố Huế. Tòa nhà THE MANOR CROWN HUẾ là toà nhà văn phòng cho thuê tại Huế có diện tích sàn lớn nhất ở thành phố Huế.\n- THE MANOR CROWN HUẾ là tổ hợp của 2 toà nhà cao ốc với quy mô mỗi toà 18 tầng, khu shop house, khu biệt thự, căn hộ, nhà phố kinh doanh và văn phòng cho thuê. Tổng diện tích đất của tổ hợp này lên đến 41.940 m2, trong đó, 2 toà nhà cao ốc quy mô 10.028 m2, khu nhà phố liền kề quy mô 4.486 m2 và khu biệt thự song lập với quy mô 3.634 m2, khu vực còn lại tập trung cho các tiện ích của dự án như công viên cây xanh, đường đi…\n- Được thiết kế theo phong cách tân cổ điển, tái hiện tại kiến trúc đô thị cổ Châu Âu, vừa cổ kính, lộng lẫy nhưng vẫn sang trọng, hiện đại toà nhà THE MANOR CROWN HUẾ được ví như một Paris thu nhỏ giữa lòng cố đô,\n- Toà nhà THE MANOR CROWN HUẾ có vị trí vô cùng thuận lợi khi cách Cầu Trường Tiền 1 km; cách Đại Nội Huế 1,5 km; và cách siêu thị Go!, Vincom Huế chỉ 0,5 km.\n🔹 2. Kết cấu văn phòng cho thuê phường Xuân Phú – Toà nhà THE MANOR CROWN HUẾ\n- Kết cấu: 18 tầng nổi, 1 tầng hầm\n- Diện tích sàn văn phòng: ~4000 m2\n- Diện tích cho thuê: từ 96 – 104 – 200 – 500 m2\n\n📞 Liên hệ xem văn phòng: 0935723727 (Nguyễn Ngọc Thiên Bình)",Thỏa thuận,1000,"Tố Hữu, Xuân Phú, Thành Phố Huế",Hải Châu,Nguyễn Ngọc Thiên Bình,0935723727,,https://officedanang.vn/property/toa-nha-the-manor-crown-hue/,False
"Cho thuê văn phòng trống 7897m2 cực đẹp ở tòa nhà THE MANOR CROWN HUẾ, Hải Châu",Văn phòng,"🌟 CHO THUÊ VĂN PHÒNG ĐẸP TẠI TÒA NHÀ THE MANOR CROWN HUẾ 🌟\n\n📍 Địa chỉ: Tố Hữu, Xuân Phú, Thành Phố Huế\n📐 Diện tích cho thuê: 7897 m2 (trống suốt, ánh sáng tự nhiên tốt)\n💵 Giá thuê ưu đãi: Thỏa thuận/tháng\n💼 Phù hợp cho văn phòng đại diện, quy mô doanh nghiệp vừa và nhỏ.\n\n🔹 THÔNG TIN CHI TIẾT TÒA NHÀ:\n🔹 THÔNG TIN CHI TIẾT TOÀ NHÀ THE MANOR CROWN HUẾ\n“Toà nhà văn phòng cho thuê với diện tích sàn lớn nhất tại Huế”\n🔹 1. Mô tả văn phòng cho thuê phường Xuân Phú – Toà nhà THE MANOR CROWN HUẾ\n- Toà nhà văn phòng cho thuê phường Xuân Phú – Toà nhà THE MANOR CROWN HUẾ nằm ở mặt tiền đường Tố Hữu, phường Xuân Phú, Thành phố Huế. Tòa nhà THE MANOR CROWN HUẾ là toà nhà văn phòng cho thuê tại Huế có diện tích sàn lớn nhất ở thành phố Huế.\n- THE MANOR CROWN HUẾ là tổ hợp của 2 toà nhà cao ốc với quy mô mỗi toà 18 tầng, khu shop house, khu biệt thự, căn hộ, nhà phố kinh doanh và văn phòng cho thuê. Tổng diện tích đất của tổ hợp này lên đến 41.940 m2, trong đó, 2 toà nhà cao ốc quy mô 10.028 m2, khu nhà phố liền kề quy mô 4.486 m2 và khu biệt thự song lập với quy mô 3.634 m2, khu vực còn lại tập trung cho các tiện ích của dự án như công viên cây xanh, đường đi…\n- Được thiết kế theo phong cách tân cổ điển, tái hiện tại kiến trúc đô thị cổ Châu Âu, vừa cổ kính, lộng lẫy nhưng vẫn sang trọng, hiện đại toà nhà THE MANOR CROWN HUẾ được ví như một Paris thu nhỏ giữa lòng cố đô,\n- Toà nhà THE MANOR CROWN HUẾ có vị trí vô cùng thuận lợi khi cách Cầu Trường Tiền 1 km; cách Đại Nội Huế 1,5 km; và cách siêu thị Go!, Vincom Huế chỉ 0,5 km.\n🔹 2. Kết cấu văn phòng cho thuê phường Xuân Phú – Toà nhà THE MANOR CROWN HUẾ\n- Kết cấu: 18 tầng nổi, 1 tầng hầm\n- Diện tích sàn văn phòng: ~4000 m2\n- Diện tích cho thuê: từ 96 – 104 – 200 – 500 m2\n\n📞 Liên hệ xem văn phòng: 0935723727 (Nguyễn Ngọc Thiên Bình)",Thỏa thuận,7897,"Tố Hữu, Xuân Phú, Thành Phố Huế",Hải Châu,Nguyễn Ngọc Thiên Bình,0935723727,,https://officedanang.vn/property/toa-nha-the-manor-crown-hue/,False
Cho thuê văn phòng 200m2 tại tòa nhà Đến DT Đà Nẵng,Văn phòng,"🏢 CHO THUÊ VĂN PHÒNG TẠI ĐẾN DT\n\n📍 Địa chỉ: Nguyễn Tri Phương, Thanh Khê, Đà Nẵng\n📐 Diện tích: 200 m2\n💵 Giá thuê: 52.400.000 VNĐ/tháng\n\n✨ ƯU ĐIỂM & TIỆN ÍCH NỔI BẬT:\n- Sàn văn phòng vuông vắn, được thiết kế trống suốt, thoáng đãng với ánh sáng tự nhiên tốt.\n- Tòa nhà chuyên nghiệp, thang máy tốc độ cao di chuyển nhanh chóng.\n- Hầm gửi xe rộng rãi thoải mái cho nhân viên và đối tác, hệ thống an ninh giám sát 24/7.\n- Hệ thống phòng cháy chữa cháy (PCCC) đạt tiêu chuẩn an toàn chất lượng cao.\n- Có chính sách hỗ trợ thời gian thi công, setup nội thất văn phòng miễn phí cho doanh nghiệp.\n\nMọi yêu cầu về việc thuê văn phòng đều được đáp ứng một cách hoàn hảo.  Văn phòng hiện đại với diện tích 200 m2 là lựa chọn lý tưởng cho các doanh nghiệp và công ty, mang đến không gian làm việc năng động và sáng tạo cho bạn. Hãy liên hệ ngay để xem xét và đặt lịch xem văn phòng trực tiếp!\n📞 Liên hệ xem văn phòng: 0935723727 (Nguyễn Ngọc Thiên Bình)  \n \nHãy đến với tòa nhà D&T Thanh Khê, nơi bạn sẽ cảm nhận được sự chuyên nghiệp và hiệu quả khi kinh doanh.\n\n📞 Liên hệ xem văn phòng: 0935723727 (Nguyễn Ngọc Thiên Bình)",52400000,200,"Nguyễn Tri Phương, Thanh Khê, Đà Nẵng",Thanh Khê,Nguyễn Ngọc Thiên Bình,0935723727,,https://officedanang.vn/property/toa-nha-dt-van-phong-cho-thue-tai-da-nang/,True
Văn phòng làm việc 1134m2 cho thuê tại D&T Quận Thanh Khê,Văn phòng,"🌟 CHO THUÊ VĂN PHÒNG ĐẸP TẠI TÒA NHÀ D&T 🌟\n\n📍 Địa chỉ: Nguyễn Tri Phương, Thanh Khê, Đà Nẵng\n📐 Diện tích cho thuê: 1134 m2 (trống suốt, ánh sáng tự nhiên tốt)\n💵 Giá thuê ưu đãi: $ 9,0 / m2/tháng\n💼 Phù hợp cho văn phòng đại diện, quy mô doanh nghiệp vừa và nhỏ.\n\n🔹 THÔNG TIN CHI TIẾT TÒA NHÀ:\n🔹 THÔNG TIN CHI TIẾT TOÀ NHÀ D&T\n“Tòa nhà mới view trực diện công viên 29/3”\n🔹 1. Mô tả văn phòng cho thuê quận Thanh Khê Toà nhà D&T\n- Toà nhà văn phòng cho thuê quận Thanh Khê – Toà nhà D&T nằm trên đường Nguyễn Tri Phương, gần với khu vực hầm chui Điện Biên Phủ với view đối diện công viên 29/3 mang lại cảm giác thoải mái và dễ chịu.\n- Khu vực gần tòa nhà D&T có nhiều quán ăn, đáp ứng được như cầu ăn uống của nhân viên văn phòng.\n- Là tòa nhà mới hoàn toàn, thiết kế chuẩn văn phòng mang lại những trải nghiệm tốt cho khách hàng.\n🔹 2. Kết cấu văn phòng cho thuê quận Thanh Khê Toà nhà D&T\n- Kết cấu: 1 tầng hầm, 8 tầng nổi\n- Diện tích sàn: 230 m2\n- Diện tích sử dụng: 205m2\n- Khu vực để xe: 1 tầng hầm\n- Số thang máy: 2 thang\n\n📞 Liên hệ xem văn phòng: 0935723727 (Nguyễn Ngọc Thiên Bình)","$ 9,0 / m2",1134,"Nguyễn Tri Phương, Thanh Khê, Đà Nẵng",Thanh Khê,Nguyễn Ngọc Thiên Bình,0935723727,,https://officedanang.vn/property/toa-nha-dt-van-phong-cho-thue-tai-da-nang/,False
"Văn phòng cho thuê 217m2 tại tòa nhà HANVICO, Thanh Khê",Văn phòng,"🌟 CHO THUÊ VĂN PHÒNG ĐẸP TẠI TÒA NHÀ HANVICO 🌟\n\n📍 Địa chỉ: 217 Lê Duẩn, Thanh Khê, Đà Nẵng\n📐 Diện tích cho thuê: 217 m2 (trống suốt, ánh sáng tự nhiên tốt)\n💵 Giá thuê ưu đãi: $ 8,8 / m2/tháng\n💼 Phù hợp cho văn phòng đại diện, quy mô doanh nghiệp vừa và nhỏ.\n\n🔹 THÔNG TIN CHI TIẾT TÒA NHÀ:\n🔹 THÔNG TIN CHI TIẾT TOÀ NHÀ HANVICO\n“Tòa nhà văn phòng giá rẻ, diện tích sàn lớn nằm trên đường Lê Duẩn”\n🔹 1. Mô tả văn phòng cho thuê phường Thanh Khê – Toà nhà HANVICO\n- Toà nhà văn phòng cho thuê tại Đà Nẵng – Toà nhà HANVICO nằm trên đường Lê Duẩn, phường Thanh Khê, thành phố Đà Nẵng. Là tuyến đường tập trung chủ yếu các cửa hàng thời trang và kinh doanh nhỏ lẻ.\n- Tòa nhà HANVICO có diện tích sàn tương đối lớn, diện tích sử dụng mỗi tầng ~390 m2 cộng thêm giá thuê tốt, toà nhà Hanvico là một lựa chọn phù hợp cho các khách hàng cần văn phòng ở khu vực trung tâm thành phố, diện tích lớn nhưng chi phí thuê không quá cao.\n- Điểm khá bất tiện của toà nhà Hanvico nằm ở sảnh tầng 1 của toà nhà. Toà nhà không bố trí lễ tân mà tầng 1 được sử dụng làm showroom trưng bày các sản phẩm nệm của chủ đầu tư. Điều này khiến toà nhà sẽ khó phù hợp với các khách hàng khó tính, cần tiếp khách tại văn phòng.\n🔹 2. Kết cấu văn phòng cho thuê phường Thanh Khê – Toà nhà HANVICO\n- Số tầng toà nhà : 08 tầng, 1 hầm\n- Diện tích sàn: 450 m2\n- Khu vực để xe: Tầng hầm\n- Số thang máy: 1 thang\n🔹 3. Các chi phí Khách Thuê phải trả tại toà nhà HANVICO\n\n📞 Liên hệ xem văn phòng: 0935723727 (Nguyễn Ngọc Thiên Bình)","$ 8,8 / m2",217,"217 Lê Duẩn, Thanh Khê, Đà Nẵng",Thanh Khê,Nguyễn Ngọc Thiên Bình,0935723727,,https://officedanang.vn/property/toa-nha-hanvico/,False
"Cho thuê văn phòng 2m2 tại CƯỜNG THỊNH - Quận Hải Châu, Đà Nẵng",Văn phòng,"🌟 CHO THUÊ VĂN PHÒNG ĐẸP TẠI TÒA NHÀ CƯỜNG THỊNH 🌟\n\n📍 Địa chỉ: Đ. 2 Tháng 9, Hoà Cường Bắc, Hải Châu, Đà Nẵng\n📐 Diện tích cho thuê: 2 m2 (trống suốt, ánh sáng tự nhiên tốt)\n💵 Giá thuê ưu đãi: Giá từ $ 14,0 / m2/tháng\n💼 Phù hợp cho văn phòng đại diện, quy mô doanh nghiệp vừa và nhỏ.\n\n🔹 THÔNG TIN CHI TIẾT TÒA NHÀ:\n🔹 THÔNG TIN CHI TIẾT TOÀ NHÀ CƯỜNG THỊNH\n“Toà nhà mới nhất nằm trên tuyến đường 2/9”\n🔹 1. Mô tả toà nhà CƯỜNG THỊNH\n- Toà nhà văn phòng cho thuê quận Hải Châu tại Đà Nẵng – Toà nhà CƯỜNG THỊNH nằm trên trục đường 2 tháng 9 khu vực gần cầu Trần Thị Lý, là tòa nhà mới hoàn thành trên đường 2 tháng 9.\n- Tòa nhà với thiết kế 12 tầng, phần lớn diện tích tòa nhà sử dụng cho việc lưu trú, khối văn phòng cho thuê nằm ở tầng 3 và tâng 2 của tòa nhà.\n- Tòa nhà thiết kế sẵn hệ thống rèm cửa, hệ thống điều hòa, đèn điện, trần thả và gạch men. Điều này giúp giảm thiểu 1 phần chi phí ban đầu cho khách hàng khi thuê văn phòng tại đây.\n🔹 2. Kết cấu toà nhà CƯỜNG THỊNH\n- Số tầng của toà nhà: 12 tầng\n- Diện tích sàn: 300 m2\n- Diện tích sử dụng sàn văn phòng: 200m2\n- Số tầng hầm: Tầng hầm\n- Số thang máy: 2 thang\n\n📞 Liên hệ xem văn phòng: 0935723727 (Nguyễn Ngọc Thiên Bình)","Giá từ $ 14,0 / m2",2,"Đ. 2 Tháng 9, Hoà Cường Bắc, Hải Châu, Đà Nẵng",Hải Châu,Nguyễn Ngọc Thiên Bình,0935723727,,https://officedanang.vn/property/toa-nha-cuong-thinh/,False
